numero_experimento;dataset;estructura_de_datos;cantidad_consultas;tiempo_ejecucion
1;user_ids;abierto;10000;0.000890193
2;user_ids;abierto;10000;0.000964077
3;user_ids;abierto;10000;0.00107978
4;user_ids;abierto;10000;0.000953035
5;user_ids;abierto;10000;0.000924152
6;user_ids;abierto;10000;0.000856344
7;user_ids;abierto;10000;0.000771082
8;user_ids;abierto;10000;0.00082477
9;user_ids;abierto;10000;0.000946009
10;user_ids;abierto;10000;0.000964196
11;user_ids;abierto;10000;0.000916612
12;user_ids;abierto;10000;0.000782085
13;user_ids;abierto;10000;0.000919253
14;user_ids;abierto;10000;0.000777186
15;user_ids;abierto;10000;0.000945752
16;user_ids;abierto;10000;0.000770012
17;user_ids;abierto;10000;0.000924696
18;user_ids;abierto;10000;0.000953885
19;user_ids;abierto;10000;0.000925874
20;user_ids;abierto;10000;0.000907212
1;user_screen_names;abierto;10000;0.000915939
2;user_screen_names;abierto;10000;0.00105006
3;user_screen_names;abierto;10000;0.00101923
4;user_screen_names;abierto;10000;0.00104134
5;user_screen_names;abierto;10000;0.00106984
6;user_screen_names;abierto;10000;0.00103268
7;user_screen_names;abierto;10000;0.000791019
8;user_screen_names;abierto;10000;0.000765431
9;user_screen_names;abierto;10000;0.000836555
10;user_screen_names;abierto;10000;0.000728347
11;user_screen_names;abierto;10000;0.000886205
12;user_screen_names;abierto;10000;0.000725704
13;user_screen_names;abierto;10000;0.000836465
14;user_screen_names;abierto;10000;0.000981551
15;user_screen_names;abierto;10000;0.000958516
16;user_screen_names;abierto;10000;0.000763531
17;user_screen_names;abierto;10000;0.000740269
18;user_screen_names;abierto;10000;0.000982946
19;user_screen_names;abierto;10000;0.000776098
20;user_screen_names;abierto;10000;0.0007365
1;user_ids;lineal;10000;0.112036
2;user_ids;lineal;10000;0.106777
3;user_ids;lineal;10000;0.106121
4;user_ids;lineal;10000;0.106463
5;user_ids;lineal;10000;0.106777
6;user_ids;lineal;10000;0.106429
7;user_ids;lineal;10000;0.106214
8;user_ids;lineal;10000;0.1068
9;user_ids;lineal;10000;0.106219
10;user_ids;lineal;10000;0.106619
11;user_ids;lineal;10000;0.107971
12;user_ids;lineal;10000;0.107094
13;user_ids;lineal;10000;0.105533
14;user_ids;lineal;10000;0.106284
15;user_ids;lineal;10000;0.106536
16;user_ids;lineal;10000;0.107861
17;user_ids;lineal;10000;0.106609
18;user_ids;lineal;10000;0.106763
19;user_ids;lineal;10000;0.108091
20;user_ids;lineal;10000;0.107316
1;user_screen_names;lineal;10000;0.000591562
2;user_screen_names;lineal;10000;0.000582689
3;user_screen_names;lineal;10000;0.000576727
4;user_screen_names;lineal;10000;0.000602163
5;user_screen_names;lineal;10000;0.000720596
6;user_screen_names;lineal;10000;0.000687769
7;user_screen_names;lineal;10000;0.000688485
8;user_screen_names;lineal;10000;0.000778511
9;user_screen_names;lineal;10000;0.000665573
10;user_screen_names;lineal;10000;0.000635457
11;user_screen_names;lineal;10000;0.000577632
12;user_screen_names;lineal;10000;0.00073548
13;user_screen_names;lineal;10000;0.000575117
14;user_screen_names;lineal;10000;0.000573628
15;user_screen_names;lineal;10000;0.00057639
16;user_screen_names;lineal;10000;0.000601368
17;user_screen_names;lineal;10000;0.000573945
18;user_screen_names;lineal;10000;0.000574919
19;user_screen_names;lineal;10000;0.000746886
20;user_screen_names;lineal;10000;0.000692767
1;user_ids;cuadratico;10000;0.12846
2;user_ids;cuadratico;10000;0.124685
3;user_ids;cuadratico;10000;0.124867
4;user_ids;cuadratico;10000;0.130065
5;user_ids;cuadratico;10000;0.123432
6;user_ids;cuadratico;10000;0.122286
7;user_ids;cuadratico;10000;0.121648
8;user_ids;cuadratico;10000;0.119352
9;user_ids;cuadratico;10000;0.12481
10;user_ids;cuadratico;10000;0.121437
11;user_ids;cuadratico;10000;0.119289
12;user_ids;cuadratico;10000;0.123027
13;user_ids;cuadratico;10000;0.122722
14;user_ids;cuadratico;10000;0.122995
15;user_ids;cuadratico;10000;0.123757
16;user_ids;cuadratico;10000;0.121882
17;user_ids;cuadratico;10000;0.123558
18;user_ids;cuadratico;10000;0.121797
19;user_ids;cuadratico;10000;0.120847
20;user_ids;cuadratico;10000;0.125581
1;user_screen_names;cuadratico;10000;0.000831729
2;user_screen_names;cuadratico;10000;0.000658786
3;user_screen_names;cuadratico;10000;0.000655721
4;user_screen_names;cuadratico;10000;0.00068254
5;user_screen_names;cuadratico;10000;0.00079138
6;user_screen_names;cuadratico;10000;0.000657323
7;user_screen_names;cuadratico;10000;0.000672346
8;user_screen_names;cuadratico;10000;0.000656606
9;user_screen_names;cuadratico;10000;0.000660977
10;user_screen_names;cuadratico;10000;0.000651848
11;user_screen_names;cuadratico;10000;0.000654108
12;user_screen_names;cuadratico;10000;0.000697333
13;user_screen_names;cuadratico;10000;0.000653809
14;user_screen_names;cuadratico;10000;0.000674138
15;user_screen_names;cuadratico;10000;0.000693869
16;user_screen_names;cuadratico;10000;0.000726701
17;user_screen_names;cuadratico;10000;0.000716646
18;user_screen_names;cuadratico;10000;0.0006559
19;user_screen_names;cuadratico;10000;0.000752694
20;user_screen_names;cuadratico;10000;0.000667806
1;user_ids;doble;10000;0.000660758
2;user_ids;doble;10000;0.000633062
3;user_ids;doble;10000;0.000836915
4;user_ids;doble;10000;0.000660738
5;user_ids;doble;10000;0.000779892
6;user_ids;doble;10000;0.000716925
7;user_ids;doble;10000;0.000790315
8;user_ids;doble;10000;0.000727607
9;user_ids;doble;10000;0.000667607
10;user_ids;doble;10000;0.000607009
11;user_ids;doble;10000;0.000580549
12;user_ids;doble;10000;0.000580658
13;user_ids;doble;10000;0.00058237
14;user_ids;doble;10000;0.000727956
15;user_ids;doble;10000;0.000683187
16;user_ids;doble;10000;0.000604491
17;user_ids;doble;10000;0.000671688
18;user_ids;doble;10000;0.000640618
19;user_ids;doble;10000;0.00058459
20;user_ids;doble;10000;0.000764431
1;user_screen_names;doble;10000;0.000947079
2;user_screen_names;doble;10000;0.000857024
3;user_screen_names;doble;10000;0.000945089
4;user_screen_names;doble;10000;0.00112281
5;user_screen_names;doble;10000;0.000861037
6;user_screen_names;doble;10000;0.000859483
7;user_screen_names;doble;10000;0.000902152
8;user_screen_names;doble;10000;0.000873989
9;user_screen_names;doble;10000;0.00104757
10;user_screen_names;doble;10000;0.000877647
11;user_screen_names;doble;10000;0.00118269
12;user_screen_names;doble;10000;0.0010175
13;user_screen_names;doble;10000;0.000883436
14;user_screen_names;doble;10000;0.0010067
15;user_screen_names;doble;10000;0.000860342
16;user_screen_names;doble;10000;0.00107237
17;user_screen_names;doble;10000;0.00106187
18;user_screen_names;doble;10000;0.000859684
19;user_screen_names;doble;10000;0.000892264
20;user_screen_names;doble;10000;0.000957453
1;user_ids;unordered_map;10000;0.000534893
2;user_ids;unordered_map;10000;0.000534974
3;user_ids;unordered_map;10000;0.000583713
4;user_ids;unordered_map;10000;0.00053853
5;user_ids;unordered_map;10000;0.000599499
6;user_ids;unordered_map;10000;0.00073089
7;user_ids;unordered_map;10000;0.000774572
8;user_ids;unordered_map;10000;0.000651417
9;user_ids;unordered_map;10000;0.000682021
10;user_ids;unordered_map;10000;0.000650318
11;user_ids;unordered_map;10000;0.000553136
12;user_ids;unordered_map;10000;0.000745436
13;user_ids;unordered_map;10000;0.000564773
14;user_ids;unordered_map;10000;0.00064962
15;user_ids;unordered_map;10000;0.000614121
16;user_ids;unordered_map;10000;0.000677183
17;user_ids;unordered_map;10000;0.000771382
18;user_ids;unordered_map;10000;0.000589642
19;user_ids;unordered_map;10000;0.000656037
20;user_ids;unordered_map;10000;0.000648663
1;user_screen_names;unordered_map;10000;0.000512506
2;user_screen_names;unordered_map;10000;0.00049781
3;user_screen_names;unordered_map;10000;0.000471329
4;user_screen_names;unordered_map;10000;0.000610315
5;user_screen_names;unordered_map;10000;0.000527422
6;user_screen_names;unordered_map;10000;0.000647422
7;user_screen_names;unordered_map;10000;0.000716248
8;user_screen_names;unordered_map;10000;0.000710648
9;user_screen_names;unordered_map;10000;0.000752842
10;user_screen_names;unordered_map;10000;0.000611923
11;user_screen_names;unordered_map;10000;0.000614942
12;user_screen_names;unordered_map;10000;0.000604939
13;user_screen_names;unordered_map;10000;0.00063453
14;user_screen_names;unordered_map;10000;0.000670275
15;user_screen_names;unordered_map;10000;0.000645625
16;user_screen_names;unordered_map;10000;0.000505323
17;user_screen_names;unordered_map;10000;0.000546979
18;user_screen_names;unordered_map;10000;0.000552499
19;user_screen_names;unordered_map;10000;0.000620273
20;user_screen_names;unordered_map;10000;0.000614272
1;user_ids;abierto;20000;0.00164663
2;user_ids;abierto;20000;0.00164484
3;user_ids;abierto;20000;0.00152997
4;user_ids;abierto;20000;0.00151274
5;user_ids;abierto;20000;0.00160741
6;user_ids;abierto;20000;0.00160795
7;user_ids;abierto;20000;0.00163708
8;user_ids;abierto;20000;0.00154667
9;user_ids;abierto;20000;0.001547
10;user_ids;abierto;20000;0.00144217
11;user_ids;abierto;20000;0.00150489
12;user_ids;abierto;20000;0.00156549
13;user_ids;abierto;20000;0.00147171
14;user_ids;abierto;20000;0.00146952
15;user_ids;abierto;20000;0.00153403
16;user_ids;abierto;20000;0.0014882
17;user_ids;abierto;20000;0.00148244
18;user_ids;abierto;20000;0.00165613
19;user_ids;abierto;20000;0.00153183
20;user_ids;abierto;20000;0.00154364
1;user_screen_names;abierto;20000;0.00175796
2;user_screen_names;abierto;20000;0.00176835
3;user_screen_names;abierto;20000;0.00187418
4;user_screen_names;abierto;20000;0.00186466
5;user_screen_names;abierto;20000;0.00217067
6;user_screen_names;abierto;20000;0.00185009
7;user_screen_names;abierto;20000;0.00185149
8;user_screen_names;abierto;20000;0.00176391
9;user_screen_names;abierto;20000;0.00188809
10;user_screen_names;abierto;20000;0.00185002
11;user_screen_names;abierto;20000;0.00177679
12;user_screen_names;abierto;20000;0.00212775
13;user_screen_names;abierto;20000;0.00209294
14;user_screen_names;abierto;20000;0.00172858
15;user_screen_names;abierto;20000;0.00179796
16;user_screen_names;abierto;20000;0.00200228
17;user_screen_names;abierto;20000;0.00177253
18;user_screen_names;abierto;20000;0.00184479
19;user_screen_names;abierto;20000;0.0018489
20;user_screen_names;abierto;20000;0.00193694
1;user_ids;lineal;20000;0.438315
2;user_ids;lineal;20000;0.436146
3;user_ids;lineal;20000;0.437165
4;user_ids;lineal;20000;0.435872
5;user_ids;lineal;20000;0.43437
6;user_ids;lineal;20000;0.434373
7;user_ids;lineal;20000;0.436371
8;user_ids;lineal;20000;0.473118
9;user_ids;lineal;20000;0.473876
10;user_ids;lineal;20000;0.471622
11;user_ids;lineal;20000;0.476236
12;user_ids;lineal;20000;0.444511
13;user_ids;lineal;20000;0.43716
14;user_ids;lineal;20000;0.439813
15;user_ids;lineal;20000;0.436156
16;user_ids;lineal;20000;0.438555
17;user_ids;lineal;20000;0.438505
18;user_ids;lineal;20000;0.439688
19;user_ids;lineal;20000;0.437482
20;user_ids;lineal;20000;0.437632
1;user_screen_names;lineal;20000;0.00164351
2;user_screen_names;lineal;20000;0.00154701
3;user_screen_names;lineal;20000;0.00157422
4;user_screen_names;lineal;20000;0.00157334
5;user_screen_names;lineal;20000;0.00162136
6;user_screen_names;lineal;20000;0.0016097
7;user_screen_names;lineal;20000;0.00158626
8;user_screen_names;lineal;20000;0.00160362
9;user_screen_names;lineal;20000;0.00161348
10;user_screen_names;lineal;20000;0.00156712
11;user_screen_names;lineal;20000;0.00158364
12;user_screen_names;lineal;20000;0.00159984
13;user_screen_names;lineal;20000;0.00163022
14;user_screen_names;lineal;20000;0.00156758
15;user_screen_names;lineal;20000;0.00157248
16;user_screen_names;lineal;20000;0.00158242
17;user_screen_names;lineal;20000;0.00160309
18;user_screen_names;lineal;20000;0.00162814
19;user_screen_names;lineal;20000;0.00156561
20;user_screen_names;lineal;20000;0.00156321
1;user_ids;cuadratico;20000;0.550067
2;user_ids;cuadratico;20000;0.546953
3;user_ids;cuadratico;20000;0.552303
4;user_ids;cuadratico;20000;0.555804
5;user_ids;cuadratico;20000;0.557004
6;user_ids;cuadratico;20000;0.550669
7;user_ids;cuadratico;20000;0.551244
8;user_ids;cuadratico;20000;0.550889
9;user_ids;cuadratico;20000;0.55613
10;user_ids;cuadratico;20000;0.556189
11;user_ids;cuadratico;20000;0.554596
12;user_ids;cuadratico;20000;0.557098
13;user_ids;cuadratico;20000;0.550276
14;user_ids;cuadratico;20000;0.546351
15;user_ids;cuadratico;20000;0.543066
16;user_ids;cuadratico;20000;0.54518
17;user_ids;cuadratico;20000;0.548891
18;user_ids;cuadratico;20000;0.54633
19;user_ids;cuadratico;20000;0.552997
20;user_ids;cuadratico;20000;0.552138
1;user_screen_names;cuadratico;20000;0.00194303
2;user_screen_names;cuadratico;20000;0.00190747
3;user_screen_names;cuadratico;20000;0.00187838
4;user_screen_names;cuadratico;20000;0.00204015
5;user_screen_names;cuadratico;20000;0.00232379
6;user_screen_names;cuadratico;20000;0.00192235
7;user_screen_names;cuadratico;20000;0.00191531
8;user_screen_names;cuadratico;20000;0.00201544
9;user_screen_names;cuadratico;20000;0.0020079
10;user_screen_names;cuadratico;20000;0.00190986
11;user_screen_names;cuadratico;20000;0.00202299
12;user_screen_names;cuadratico;20000;0.00192446
13;user_screen_names;cuadratico;20000;0.00196703
14;user_screen_names;cuadratico;20000;0.00210491
15;user_screen_names;cuadratico;20000;0.00191503
16;user_screen_names;cuadratico;20000;0.00190983
17;user_screen_names;cuadratico;20000;0.00189324
18;user_screen_names;cuadratico;20000;0.00199159
19;user_screen_names;cuadratico;20000;0.0019648
20;user_screen_names;cuadratico;20000;0.00187345
1;user_ids;doble;20000;0.00122571
2;user_ids;doble;20000;0.00132337
3;user_ids;doble;20000;0.00124159
4;user_ids;doble;20000;0.00126846
5;user_ids;doble;20000;0.00122408
6;user_ids;doble;20000;0.00122618
7;user_ids;doble;20000;0.00128014
8;user_ids;doble;20000;0.00133679
9;user_ids;doble;20000;0.00123705
10;user_ids;doble;20000;0.00123439
11;user_ids;doble;20000;0.00129349
12;user_ids;doble;20000;0.00125882
13;user_ids;doble;20000;0.00145229
14;user_ids;doble;20000;0.00136037
15;user_ids;doble;20000;0.00129329
16;user_ids;doble;20000;0.0013865
17;user_ids;doble;20000;0.00124936
18;user_ids;doble;20000;0.00127916
19;user_ids;doble;20000;0.00129184
20;user_ids;doble;20000;0.00128074
1;user_screen_names;doble;20000;0.00250594
2;user_screen_names;doble;20000;0.00260536
3;user_screen_names;doble;20000;0.00249568
4;user_screen_names;doble;20000;0.00259676
5;user_screen_names;doble;20000;0.00253697
6;user_screen_names;doble;20000;0.00271922
7;user_screen_names;doble;20000;0.00253632
8;user_screen_names;doble;20000;0.00258412
9;user_screen_names;doble;20000;0.00253672
10;user_screen_names;doble;20000;0.00255287
11;user_screen_names;doble;20000;0.00254785
12;user_screen_names;doble;20000;0.0027878
13;user_screen_names;doble;20000;0.00250645
14;user_screen_names;doble;20000;0.00263481
15;user_screen_names;doble;20000;0.00272862
16;user_screen_names;doble;20000;0.00259598
17;user_screen_names;doble;20000;0.00268589
18;user_screen_names;doble;20000;0.00307957
19;user_screen_names;doble;20000;0.00257087
20;user_screen_names;doble;20000;0.002546
1;user_ids;unordered_map;20000;0.00129954
2;user_ids;unordered_map;20000;0.00108997
3;user_ids;unordered_map;20000;0.00111403
4;user_ids;unordered_map;20000;0.00133347
5;user_ids;unordered_map;20000;0.00117068
6;user_ids;unordered_map;20000;0.00110218
7;user_ids;unordered_map;20000;0.00104064
8;user_ids;unordered_map;20000;0.00119489
9;user_ids;unordered_map;20000;0.00102184
10;user_ids;unordered_map;20000;0.00104079
11;user_ids;unordered_map;20000;0.00102316
12;user_ids;unordered_map;20000;0.00101858
13;user_ids;unordered_map;20000;0.00101976
14;user_ids;unordered_map;20000;0.00104498
15;user_ids;unordered_map;20000;0.0010181
16;user_ids;unordered_map;20000;0.00101945
17;user_ids;unordered_map;20000;0.00103052
18;user_ids;unordered_map;20000;0.00102308
19;user_ids;unordered_map;20000;0.00104081
20;user_ids;unordered_map;20000;0.00104946
1;user_screen_names;unordered_map;20000;0.0010332
2;user_screen_names;unordered_map;20000;0.00103224
3;user_screen_names;unordered_map;20000;0.000970743
4;user_screen_names;unordered_map;20000;0.000971788
5;user_screen_names;unordered_map;20000;0.000978603
6;user_screen_names;unordered_map;20000;0.000945269
7;user_screen_names;unordered_map;20000;0.000978121
8;user_screen_names;unordered_map;20000;0.00100878
9;user_screen_names;unordered_map;20000;0.000989654
10;user_screen_names;unordered_map;20000;0.000951407
11;user_screen_names;unordered_map;20000;0.000988558
12;user_screen_names;unordered_map;20000;0.000949329
13;user_screen_names;unordered_map;20000;0.0009708
14;user_screen_names;unordered_map;20000;0.00101741
15;user_screen_names;unordered_map;20000;0.00103769
16;user_screen_names;unordered_map;20000;0.00119052
17;user_screen_names;unordered_map;20000;0.000979975
18;user_screen_names;unordered_map;20000;0.00117431
19;user_screen_names;unordered_map;20000;0.00110088
20;user_screen_names;unordered_map;20000;0.000956737
1;user_ids;abierto;30000;0.00227314
2;user_ids;abierto;30000;0.00225571
3;user_ids;abierto;30000;0.00213263
4;user_ids;abierto;30000;0.00217351
5;user_ids;abierto;30000;0.00213088
6;user_ids;abierto;30000;0.00218629
7;user_ids;abierto;30000;0.00222686
8;user_ids;abierto;30000;0.00215246
9;user_ids;abierto;30000;0.00220273
10;user_ids;abierto;30000;0.00214708
11;user_ids;abierto;30000;0.00220729
12;user_ids;abierto;30000;0.00219956
13;user_ids;abierto;30000;0.00213209
14;user_ids;abierto;30000;0.00217178
15;user_ids;abierto;30000;0.00216634
16;user_ids;abierto;30000;0.00223769
17;user_ids;abierto;30000;0.00219324
18;user_ids;abierto;30000;0.00217413
19;user_ids;abierto;30000;0.00215643
20;user_ids;abierto;30000;0.00225768
1;user_screen_names;abierto;30000;0.00302869
2;user_screen_names;abierto;30000;0.00314924
3;user_screen_names;abierto;30000;0.00322699
4;user_screen_names;abierto;30000;0.00307577
5;user_screen_names;abierto;30000;0.00296047
6;user_screen_names;abierto;30000;0.00311668
7;user_screen_names;abierto;30000;0.00304827
8;user_screen_names;abierto;30000;0.00305117
9;user_screen_names;abierto;30000;0.00309075
10;user_screen_names;abierto;30000;0.00308808
11;user_screen_names;abierto;30000;0.00307033
12;user_screen_names;abierto;30000;0.00310447
13;user_screen_names;abierto;30000;0.00305737
14;user_screen_names;abierto;30000;0.00301473
15;user_screen_names;abierto;30000;0.00304903
16;user_screen_names;abierto;30000;0.00308809
17;user_screen_names;abierto;30000;0.00326732
18;user_screen_names;abierto;30000;0.00301533
19;user_screen_names;abierto;30000;0.00319724
20;user_screen_names;abierto;30000;0.0030174
1;user_ids;lineal;30000;0.896526
2;user_ids;lineal;30000;0.879257
3;user_ids;lineal;30000;0.879566
4;user_ids;lineal;30000;0.883206
5;user_ids;lineal;30000;0.885609
6;user_ids;lineal;30000;0.889264
7;user_ids;lineal;30000;0.889924
8;user_ids;lineal;30000;0.899123
9;user_ids;lineal;30000;0.895338
10;user_ids;lineal;30000;0.896495
11;user_ids;lineal;30000;0.897829
12;user_ids;lineal;30000;0.897706
13;user_ids;lineal;30000;0.895282
14;user_ids;lineal;30000;0.897256
15;user_ids;lineal;30000;0.898374
16;user_ids;lineal;30000;0.89827
17;user_ids;lineal;30000;0.913838
18;user_ids;lineal;30000;0.915571
19;user_ids;lineal;30000;0.913701
20;user_ids;lineal;30000;0.910581
1;user_screen_names;lineal;30000;0.00275306
2;user_screen_names;lineal;30000;0.00281712
3;user_screen_names;lineal;30000;0.00274172
4;user_screen_names;lineal;30000;0.00273784
5;user_screen_names;lineal;30000;0.00274416
6;user_screen_names;lineal;30000;0.00283899
7;user_screen_names;lineal;30000;0.00282679
8;user_screen_names;lineal;30000;0.00270675
9;user_screen_names;lineal;30000;0.00277386
10;user_screen_names;lineal;30000;0.00276133
11;user_screen_names;lineal;30000;0.00274514
12;user_screen_names;lineal;30000;0.00335532
13;user_screen_names;lineal;30000;0.00273847
14;user_screen_names;lineal;30000;0.00294257
15;user_screen_names;lineal;30000;0.00281716
16;user_screen_names;lineal;30000;0.00274195
17;user_screen_names;lineal;30000;0.00269212
18;user_screen_names;lineal;30000;0.0028339
19;user_screen_names;lineal;30000;0.00279063
20;user_screen_names;lineal;30000;0.00273487
1;user_ids;cuadratico;30000;1.17171
2;user_ids;cuadratico;30000;1.16922
3;user_ids;cuadratico;30000;1.16741
4;user_ids;cuadratico;30000;1.17807
5;user_ids;cuadratico;30000;1.2034
6;user_ids;cuadratico;30000;1.19898
7;user_ids;cuadratico;30000;1.1783
8;user_ids;cuadratico;30000;1.17146
9;user_ids;cuadratico;30000;1.16915
10;user_ids;cuadratico;30000;1.17459
11;user_ids;cuadratico;30000;1.18117
12;user_ids;cuadratico;30000;1.18542
13;user_ids;cuadratico;30000;1.19062
14;user_ids;cuadratico;30000;1.19217
15;user_ids;cuadratico;30000;1.17086
16;user_ids;cuadratico;30000;1.1748
17;user_ids;cuadratico;30000;1.17699
18;user_ids;cuadratico;30000;1.17358
19;user_ids;cuadratico;30000;1.1831
20;user_ids;cuadratico;30000;1.17675
1;user_screen_names;cuadratico;30000;0.00342148
2;user_screen_names;cuadratico;30000;0.00350866
3;user_screen_names;cuadratico;30000;0.00346354
4;user_screen_names;cuadratico;30000;0.00347187
5;user_screen_names;cuadratico;30000;0.0034086
6;user_screen_names;cuadratico;30000;0.00344031
7;user_screen_names;cuadratico;30000;0.00345862
8;user_screen_names;cuadratico;30000;0.00348975
9;user_screen_names;cuadratico;30000;0.00356173
10;user_screen_names;cuadratico;30000;0.00344715
11;user_screen_names;cuadratico;30000;0.00347705
12;user_screen_names;cuadratico;30000;0.00350318
13;user_screen_names;cuadratico;30000;0.00344716
14;user_screen_names;cuadratico;30000;0.00343227
15;user_screen_names;cuadratico;30000;0.00347684
16;user_screen_names;cuadratico;30000;0.00344887
17;user_screen_names;cuadratico;30000;0.00367489
18;user_screen_names;cuadratico;30000;0.00350928
19;user_screen_names;cuadratico;30000;0.00350607
20;user_screen_names;cuadratico;30000;0.00355803
1;user_ids;doble;30000;0.00188523
2;user_ids;doble;30000;0.00210131
3;user_ids;doble;30000;0.00209688
4;user_ids;doble;30000;0.00189756
5;user_ids;doble;30000;0.00212591
6;user_ids;doble;30000;0.00204852
7;user_ids;doble;30000;0.0019955
8;user_ids;doble;30000;0.00210575
9;user_ids;doble;30000;0.00195412
10;user_ids;doble;30000;0.00189757
11;user_ids;doble;30000;0.00189597
12;user_ids;doble;30000;0.00196575
13;user_ids;doble;30000;0.0018621
14;user_ids;doble;30000;0.00189562
15;user_ids;doble;30000;0.00189902
16;user_ids;doble;30000;0.00197376
17;user_ids;doble;30000;0.00186346
18;user_ids;doble;30000;0.00193743
19;user_ids;doble;30000;0.00189378
20;user_ids;doble;30000;0.00197799
1;user_screen_names;doble;30000;0.00460877
2;user_screen_names;doble;30000;0.00466161
3;user_screen_names;doble;30000;0.00464322
4;user_screen_names;doble;30000;0.00463641
5;user_screen_names;doble;30000;0.00470152
6;user_screen_names;doble;30000;0.00469388
7;user_screen_names;doble;30000;0.00455278
8;user_screen_names;doble;30000;0.00462898
9;user_screen_names;doble;30000;0.00462159
10;user_screen_names;doble;30000;0.00460583
11;user_screen_names;doble;30000;0.00463366
12;user_screen_names;doble;30000;0.00462488
13;user_screen_names;doble;30000;0.0050381
14;user_screen_names;doble;30000;0.00456926
15;user_screen_names;doble;30000;0.00464012
16;user_screen_names;doble;30000;0.00457664
17;user_screen_names;doble;30000;0.00460398
18;user_screen_names;doble;30000;0.00455457
19;user_screen_names;doble;30000;0.00470949
20;user_screen_names;doble;30000;0.00457163
1;user_ids;unordered_map;30000;0.00156094
2;user_ids;unordered_map;30000;0.00152168
3;user_ids;unordered_map;30000;0.00149969
4;user_ids;unordered_map;30000;0.00151211
5;user_ids;unordered_map;30000;0.00200754
6;user_ids;unordered_map;30000;0.00149287
7;user_ids;unordered_map;30000;0.00147989
8;user_ids;unordered_map;30000;0.0015486
9;user_ids;unordered_map;30000;0.00153313
10;user_ids;unordered_map;30000;0.0014967
11;user_ids;unordered_map;30000;0.00151194
12;user_ids;unordered_map;30000;0.00160887
13;user_ids;unordered_map;30000;0.00146917
14;user_ids;unordered_map;30000;0.00156691
15;user_ids;unordered_map;30000;0.00155176
16;user_ids;unordered_map;30000;0.00151681
17;user_ids;unordered_map;30000;0.00156271
18;user_ids;unordered_map;30000;0.00148914
19;user_ids;unordered_map;30000;0.00154972
20;user_ids;unordered_map;30000;0.00153151
1;user_screen_names;unordered_map;30000;0.00144548
2;user_screen_names;unordered_map;30000;0.00140261
3;user_screen_names;unordered_map;30000;0.00148606
4;user_screen_names;unordered_map;30000;0.00142107
5;user_screen_names;unordered_map;30000;0.00141505
6;user_screen_names;unordered_map;30000;0.00156255
7;user_screen_names;unordered_map;30000;0.00137273
8;user_screen_names;unordered_map;30000;0.00137233
9;user_screen_names;unordered_map;30000;0.00147736
10;user_screen_names;unordered_map;30000;0.00181252
11;user_screen_names;unordered_map;30000;0.00139227
12;user_screen_names;unordered_map;30000;0.00137305
13;user_screen_names;unordered_map;30000;0.00154681
14;user_screen_names;unordered_map;30000;0.00137887
15;user_screen_names;unordered_map;30000;0.00161451
16;user_screen_names;unordered_map;30000;0.00158436
17;user_screen_names;unordered_map;30000;0.00136444
18;user_screen_names;unordered_map;30000;0.00153403
19;user_screen_names;unordered_map;30000;0.00155949
20;user_screen_names;unordered_map;30000;0.00158661
1;user_ids;abierto;40000;0.00268571
2;user_ids;abierto;40000;0.00264681
3;user_ids;abierto;40000;0.00264386
4;user_ids;abierto;40000;0.00269511
5;user_ids;abierto;40000;0.00275403
6;user_ids;abierto;40000;0.00268893
7;user_ids;abierto;40000;0.00278374
8;user_ids;abierto;40000;0.00272423
9;user_ids;abierto;40000;0.00264199
10;user_ids;abierto;40000;0.002766
11;user_ids;abierto;40000;0.00271672
12;user_ids;abierto;40000;0.00267339
13;user_ids;abierto;40000;0.00269971
14;user_ids;abierto;40000;0.0027244
15;user_ids;abierto;40000;0.00277826
16;user_ids;abierto;40000;0.00268439
17;user_ids;abierto;40000;0.00267713
18;user_ids;abierto;40000;0.00267431
19;user_ids;abierto;40000;0.00269296
20;user_ids;abierto;40000;0.0026702
1;user_screen_names;abierto;40000;0.00446123
2;user_screen_names;abierto;40000;0.00451687
3;user_screen_names;abierto;40000;0.00456721
4;user_screen_names;abierto;40000;0.00448761
5;user_screen_names;abierto;40000;0.00455913
6;user_screen_names;abierto;40000;0.00438911
7;user_screen_names;abierto;40000;0.00452205
8;user_screen_names;abierto;40000;0.00448063
9;user_screen_names;abierto;40000;0.00451436
10;user_screen_names;abierto;40000;0.00458871
11;user_screen_names;abierto;40000;0.00454084
12;user_screen_names;abierto;40000;0.00452872
13;user_screen_names;abierto;40000;0.00451499
14;user_screen_names;abierto;40000;0.00452865
15;user_screen_names;abierto;40000;0.00457703
16;user_screen_names;abierto;40000;0.0045181
17;user_screen_names;abierto;40000;0.00454658
18;user_screen_names;abierto;40000;0.00461297
19;user_screen_names;abierto;40000;0.00447999
20;user_screen_names;abierto;40000;0.00462264
1;user_ids;lineal;40000;1.57775
2;user_ids;lineal;40000;1.64119
3;user_ids;lineal;40000;1.59068
4;user_ids;lineal;40000;1.57666
5;user_ids;lineal;40000;1.55264
6;user_ids;lineal;40000;1.55197
7;user_ids;lineal;40000;1.55266
8;user_ids;lineal;40000;1.55827
9;user_ids;lineal;40000;1.56853
10;user_ids;lineal;40000;1.57039
11;user_ids;lineal;40000;1.57404
12;user_ids;lineal;40000;1.57498
13;user_ids;lineal;40000;1.57671
14;user_ids;lineal;40000;1.61504
15;user_ids;lineal;40000;1.58196
16;user_ids;lineal;40000;1.58723
17;user_ids;lineal;40000;1.63668
18;user_ids;lineal;40000;1.57561
19;user_ids;lineal;40000;1.58109
20;user_ids;lineal;40000;1.58115
1;user_screen_names;lineal;40000;0.00423094
2;user_screen_names;lineal;40000;0.00478892
3;user_screen_names;lineal;40000;0.00427101
4;user_screen_names;lineal;40000;0.00423739
5;user_screen_names;lineal;40000;0.00427953
6;user_screen_names;lineal;40000;0.00428118
7;user_screen_names;lineal;40000;0.00426387
8;user_screen_names;lineal;40000;0.00425634
9;user_screen_names;lineal;40000;0.00425903
10;user_screen_names;lineal;40000;0.00422929
11;user_screen_names;lineal;40000;0.00429195
12;user_screen_names;lineal;40000;0.00436176
13;user_screen_names;lineal;40000;0.004282
14;user_screen_names;lineal;40000;0.00432031
15;user_screen_names;lineal;40000;0.00428143
16;user_screen_names;lineal;40000;0.00432204
17;user_screen_names;lineal;40000;0.00428339
18;user_screen_names;lineal;40000;0.00431234
19;user_screen_names;lineal;40000;0.0042138
20;user_screen_names;lineal;40000;0.00422841
1;user_ids;cuadratico;40000;2.11709
2;user_ids;cuadratico;40000;2.12514
3;user_ids;cuadratico;40000;2.10401
4;user_ids;cuadratico;40000;2.07018
5;user_ids;cuadratico;40000;2.08151
6;user_ids;cuadratico;40000;2.09365
7;user_ids;cuadratico;40000;2.09852
8;user_ids;cuadratico;40000;2.09889
9;user_ids;cuadratico;40000;2.10078
10;user_ids;cuadratico;40000;2.11827
11;user_ids;cuadratico;40000;2.11746
12;user_ids;cuadratico;40000;2.13179
13;user_ids;cuadratico;40000;2.13193
14;user_ids;cuadratico;40000;2.13089
15;user_ids;cuadratico;40000;2.1305
16;user_ids;cuadratico;40000;2.12876
17;user_ids;cuadratico;40000;2.12863
18;user_ids;cuadratico;40000;2.12277
19;user_ids;cuadratico;40000;2.09369
20;user_ids;cuadratico;40000;2.0969
1;user_screen_names;cuadratico;40000;0.00522869
2;user_screen_names;cuadratico;40000;0.00532362
3;user_screen_names;cuadratico;40000;0.00525552
4;user_screen_names;cuadratico;40000;0.00521504
5;user_screen_names;cuadratico;40000;0.00538182
6;user_screen_names;cuadratico;40000;0.00550171
7;user_screen_names;cuadratico;40000;0.0053522
8;user_screen_names;cuadratico;40000;0.00526902
9;user_screen_names;cuadratico;40000;0.00561613
10;user_screen_names;cuadratico;40000;0.00538879
11;user_screen_names;cuadratico;40000;0.00524329
12;user_screen_names;cuadratico;40000;0.00618917
13;user_screen_names;cuadratico;40000;0.00524249
14;user_screen_names;cuadratico;40000;0.00525599
15;user_screen_names;cuadratico;40000;0.00556723
16;user_screen_names;cuadratico;40000;0.00524565
17;user_screen_names;cuadratico;40000;0.00545918
18;user_screen_names;cuadratico;40000;0.0053306
19;user_screen_names;cuadratico;40000;0.00523825
20;user_screen_names;cuadratico;40000;0.00530919
1;user_ids;doble;40000;0.00253495
2;user_ids;doble;40000;0.00254766
3;user_ids;doble;40000;0.00251078
4;user_ids;doble;40000;0.00252158
5;user_ids;doble;40000;0.00253848
6;user_ids;doble;40000;0.00252707
7;user_ids;doble;40000;0.0025933
8;user_ids;doble;40000;0.00247687
9;user_ids;doble;40000;0.00265863
10;user_ids;doble;40000;0.00253065
11;user_ids;doble;40000;0.00253852
12;user_ids;doble;40000;0.00250967
13;user_ids;doble;40000;0.00257323
14;user_ids;doble;40000;0.00253534
15;user_ids;doble;40000;0.00254238
16;user_ids;doble;40000;0.00265191
17;user_ids;doble;40000;0.0025035
18;user_ids;doble;40000;0.00260908
19;user_ids;doble;40000;0.00248436
20;user_ids;doble;40000;0.00252432
1;user_screen_names;doble;40000;0.00719925
2;user_screen_names;doble;40000;0.00702975
3;user_screen_names;doble;40000;0.00716319
4;user_screen_names;doble;40000;0.00723361
5;user_screen_names;doble;40000;0.00715297
6;user_screen_names;doble;40000;0.00709892
7;user_screen_names;doble;40000;0.00701802
8;user_screen_names;doble;40000;0.00720769
9;user_screen_names;doble;40000;0.00713065
10;user_screen_names;doble;40000;0.00716907
11;user_screen_names;doble;40000;0.00723235
12;user_screen_names;doble;40000;0.00708107
13;user_screen_names;doble;40000;0.00719247
14;user_screen_names;doble;40000;0.00705397
15;user_screen_names;doble;40000;0.0072154
16;user_screen_names;doble;40000;0.00702261
17;user_screen_names;doble;40000;0.0071763
18;user_screen_names;doble;40000;0.00709868
19;user_screen_names;doble;40000;0.00710293
20;user_screen_names;doble;40000;0.00706892
1;user_ids;unordered_map;40000;0.00182906
2;user_ids;unordered_map;40000;0.00184259
3;user_ids;unordered_map;40000;0.0018393
4;user_ids;unordered_map;40000;0.00179163
5;user_ids;unordered_map;40000;0.00184458
6;user_ids;unordered_map;40000;0.00179865
7;user_ids;unordered_map;40000;0.00183012
8;user_ids;unordered_map;40000;0.00187797
9;user_ids;unordered_map;40000;0.00178326
10;user_ids;unordered_map;40000;0.00190488
11;user_ids;unordered_map;40000;0.00181413
12;user_ids;unordered_map;40000;0.0018691
13;user_ids;unordered_map;40000;0.00180926
14;user_ids;unordered_map;40000;0.00183572
15;user_ids;unordered_map;40000;0.00182423
16;user_ids;unordered_map;40000;0.00181133
17;user_ids;unordered_map;40000;0.00186478
18;user_ids;unordered_map;40000;0.00179546
19;user_ids;unordered_map;40000;0.00190187
20;user_ids;unordered_map;40000;0.00180248
1;user_screen_names;unordered_map;40000;0.00182046
2;user_screen_names;unordered_map;40000;0.00176876
3;user_screen_names;unordered_map;40000;0.00170216
4;user_screen_names;unordered_map;40000;0.00169802
5;user_screen_names;unordered_map;40000;0.0017876
6;user_screen_names;unordered_map;40000;0.00169224
7;user_screen_names;unordered_map;40000;0.00170181
8;user_screen_names;unordered_map;40000;0.00175745
9;user_screen_names;unordered_map;40000;0.00172794
10;user_screen_names;unordered_map;40000;0.00169629
11;user_screen_names;unordered_map;40000;0.00183712
12;user_screen_names;unordered_map;40000;0.00176251
13;user_screen_names;unordered_map;40000;0.00172515
14;user_screen_names;unordered_map;40000;0.00173141
15;user_screen_names;unordered_map;40000;0.00174361
16;user_screen_names;unordered_map;40000;0.00185053
17;user_screen_names;unordered_map;40000;0.00169117
18;user_screen_names;unordered_map;40000;0.00181588
19;user_screen_names;unordered_map;40000;0.00167388
20;user_screen_names;unordered_map;40000;0.00189676
1;user_ids;abierto;50000;0.00323062
2;user_ids;abierto;50000;0.00322679
3;user_ids;abierto;50000;0.00320312
4;user_ids;abierto;50000;0.00318719
5;user_ids;abierto;50000;0.0032576
6;user_ids;abierto;50000;0.003153
7;user_ids;abierto;50000;0.00322434
8;user_ids;abierto;50000;0.00354036
9;user_ids;abierto;50000;0.00328796
10;user_ids;abierto;50000;0.00322503
11;user_ids;abierto;50000;0.00321952
12;user_ids;abierto;50000;0.00319167
13;user_ids;abierto;50000;0.00320391
14;user_ids;abierto;50000;0.00321006
15;user_ids;abierto;50000;0.00325844
16;user_ids;abierto;50000;0.00321675
17;user_ids;abierto;50000;0.00320117
18;user_ids;abierto;50000;0.00324281
19;user_ids;abierto;50000;0.00323613
20;user_ids;abierto;50000;0.00320234
1;user_screen_names;abierto;50000;0.00613687
2;user_screen_names;abierto;50000;0.00618729
3;user_screen_names;abierto;50000;0.00607016
4;user_screen_names;abierto;50000;0.0060352
5;user_screen_names;abierto;50000;0.0062708
6;user_screen_names;abierto;50000;0.00616599
7;user_screen_names;abierto;50000;0.00606694
8;user_screen_names;abierto;50000;0.00622992
9;user_screen_names;abierto;50000;0.00607554
10;user_screen_names;abierto;50000;0.00608724
11;user_screen_names;abierto;50000;0.00612541
12;user_screen_names;abierto;50000;0.00607072
13;user_screen_names;abierto;50000;0.00611482
14;user_screen_names;abierto;50000;0.00617948
15;user_screen_names;abierto;50000;0.00609595
16;user_screen_names;abierto;50000;0.00617299
17;user_screen_names;abierto;50000;0.00613784
18;user_screen_names;abierto;50000;0.00598639
19;user_screen_names;abierto;50000;0.00625783
20;user_screen_names;abierto;50000;0.00608287
1;user_ids;lineal;50000;2.33288
2;user_ids;lineal;50000;2.33696
3;user_ids;lineal;50000;2.40348
4;user_ids;lineal;50000;2.34728
5;user_ids;lineal;50000;2.35219
6;user_ids;lineal;50000;2.36202
7;user_ids;lineal;50000;2.36605
8;user_ids;lineal;50000;2.36501
9;user_ids;lineal;50000;2.36345
10;user_ids;lineal;50000;2.43851
11;user_ids;lineal;50000;2.36653
12;user_ids;lineal;50000;2.33937
13;user_ids;lineal;50000;2.31862
14;user_ids;lineal;50000;2.32962
15;user_ids;lineal;50000;2.33732
16;user_ids;lineal;50000;2.34081
17;user_ids;lineal;50000;2.35229
18;user_ids;lineal;50000;2.35189
19;user_ids;lineal;50000;2.36049
20;user_ids;lineal;50000;2.35887
1;user_screen_names;lineal;50000;0.00584796
2;user_screen_names;lineal;50000;0.00594284
3;user_screen_names;lineal;50000;0.00581225
4;user_screen_names;lineal;50000;0.00597785
5;user_screen_names;lineal;50000;0.00606114
6;user_screen_names;lineal;50000;0.00604175
7;user_screen_names;lineal;50000;0.00580895
8;user_screen_names;lineal;50000;0.00591631
9;user_screen_names;lineal;50000;0.00611748
10;user_screen_names;lineal;50000;0.00580567
11;user_screen_names;lineal;50000;0.005835
12;user_screen_names;lineal;50000;0.00642566
13;user_screen_names;lineal;50000;0.00584478
14;user_screen_names;lineal;50000;0.00584247
15;user_screen_names;lineal;50000;0.00588223
16;user_screen_names;lineal;50000;0.00584614
17;user_screen_names;lineal;50000;0.00583523
18;user_screen_names;lineal;50000;0.00582692
19;user_screen_names;lineal;50000;0.00592541
20;user_screen_names;lineal;50000;0.00580042
1;user_ids;cuadratico;50000;3.60354
2;user_ids;cuadratico;50000;3.62297
3;user_ids;cuadratico;50000;3.62341
4;user_ids;cuadratico;50000;3.60002
5;user_ids;cuadratico;50000;3.57453
6;user_ids;cuadratico;50000;3.59112
7;user_ids;cuadratico;50000;3.59944
8;user_ids;cuadratico;50000;3.62602
9;user_ids;cuadratico;50000;3.63027
10;user_ids;cuadratico;50000;3.65249
11;user_ids;cuadratico;50000;3.65078
12;user_ids;cuadratico;50000;3.64003
13;user_ids;cuadratico;50000;3.63276
14;user_ids;cuadratico;50000;3.61595
15;user_ids;cuadratico;50000;3.6229
16;user_ids;cuadratico;50000;3.73795
17;user_ids;cuadratico;50000;3.66494
18;user_ids;cuadratico;50000;3.74189
19;user_ids;cuadratico;50000;3.69835
20;user_ids;cuadratico;50000;3.71692
1;user_screen_names;cuadratico;50000;0.00766239
2;user_screen_names;cuadratico;50000;0.00790006
3;user_screen_names;cuadratico;50000;0.00768348
4;user_screen_names;cuadratico;50000;0.00774962
5;user_screen_names;cuadratico;50000;0.00765849
6;user_screen_names;cuadratico;50000;0.00774695
7;user_screen_names;cuadratico;50000;0.0075725
8;user_screen_names;cuadratico;50000;0.00753935
9;user_screen_names;cuadratico;50000;0.00769932
10;user_screen_names;cuadratico;50000;0.00787112
11;user_screen_names;cuadratico;50000;0.0122846
12;user_screen_names;cuadratico;50000;0.00764936
13;user_screen_names;cuadratico;50000;0.00767239
14;user_screen_names;cuadratico;50000;0.00761876
15;user_screen_names;cuadratico;50000;0.00759331
16;user_screen_names;cuadratico;50000;0.00751905
17;user_screen_names;cuadratico;50000;0.007719
18;user_screen_names;cuadratico;50000;0.00760461
19;user_screen_names;cuadratico;50000;0.00757434
20;user_screen_names;cuadratico;50000;0.00767524
1;user_ids;doble;50000;0.00322359
2;user_ids;doble;50000;0.00323465
3;user_ids;doble;50000;0.00333523
4;user_ids;doble;50000;0.00324608
5;user_ids;doble;50000;0.0031943
6;user_ids;doble;50000;0.00322022
7;user_ids;doble;50000;0.00321191
8;user_ids;doble;50000;0.00327977
9;user_ids;doble;50000;0.00319941
10;user_ids;doble;50000;0.00329882
11;user_ids;doble;50000;0.00329902
12;user_ids;doble;50000;0.00330053
13;user_ids;doble;50000;0.00388048
14;user_ids;doble;50000;0.00315796
15;user_ids;doble;50000;0.00350363
16;user_ids;doble;50000;0.00317613
17;user_ids;doble;50000;0.0032047
18;user_ids;doble;50000;0.00323462
19;user_ids;doble;50000;0.00319469
20;user_ids;doble;50000;0.00318309
1;user_screen_names;doble;50000;0.0105669
2;user_screen_names;doble;50000;0.0103751
3;user_screen_names;doble;50000;0.0102475
4;user_screen_names;doble;50000;0.0103496
5;user_screen_names;doble;50000;0.0103367
6;user_screen_names;doble;50000;0.0111216
7;user_screen_names;doble;50000;0.0103225
8;user_screen_names;doble;50000;0.0103189
9;user_screen_names;doble;50000;0.0104617
10;user_screen_names;doble;50000;0.0102709
11;user_screen_names;doble;50000;0.0104665
12;user_screen_names;doble;50000;0.0103479
13;user_screen_names;doble;50000;0.0103559
14;user_screen_names;doble;50000;0.010259
15;user_screen_names;doble;50000;0.0103061
16;user_screen_names;doble;50000;0.010312
17;user_screen_names;doble;50000;0.0103717
18;user_screen_names;doble;50000;0.010344
19;user_screen_names;doble;50000;0.0105038
20;user_screen_names;doble;50000;0.0104309
1;user_ids;unordered_map;50000;0.00225466
2;user_ids;unordered_map;50000;0.00225732
3;user_ids;unordered_map;50000;0.00221524
4;user_ids;unordered_map;50000;0.00228933
5;user_ids;unordered_map;50000;0.00227115
6;user_ids;unordered_map;50000;0.00227057
7;user_ids;unordered_map;50000;0.00223115
8;user_ids;unordered_map;50000;0.00229595
9;user_ids;unordered_map;50000;0.00220577
10;user_ids;unordered_map;50000;0.00223019
11;user_ids;unordered_map;50000;0.00230386
12;user_ids;unordered_map;50000;0.00229884
13;user_ids;unordered_map;50000;0.00230168
14;user_ids;unordered_map;50000;0.00223963
15;user_ids;unordered_map;50000;0.00219432
16;user_ids;unordered_map;50000;0.00224086
17;user_ids;unordered_map;50000;0.00224188
18;user_ids;unordered_map;50000;0.00250139
19;user_ids;unordered_map;50000;0.00228194
20;user_ids;unordered_map;50000;0.00288702
1;user_screen_names;unordered_map;50000;0.0021363
2;user_screen_names;unordered_map;50000;0.00213442
3;user_screen_names;unordered_map;50000;0.00209788
4;user_screen_names;unordered_map;50000;0.00216068
5;user_screen_names;unordered_map;50000;0.00250367
6;user_screen_names;unordered_map;50000;0.00259911
7;user_screen_names;unordered_map;50000;0.0021286
8;user_screen_names;unordered_map;50000;0.00219616
9;user_screen_names;unordered_map;50000;0.00211129
10;user_screen_names;unordered_map;50000;0.00212689
11;user_screen_names;unordered_map;50000;0.00211653
12;user_screen_names;unordered_map;50000;0.00216759
13;user_screen_names;unordered_map;50000;0.00213634
14;user_screen_names;unordered_map;50000;0.00212468
15;user_screen_names;unordered_map;50000;0.00223008
16;user_screen_names;unordered_map;50000;0.00212026
17;user_screen_names;unordered_map;50000;0.00214421
18;user_screen_names;unordered_map;50000;0.00209874
19;user_screen_names;unordered_map;50000;0.00211857
20;user_screen_names;unordered_map;50000;0.00214692
1;user_ids;abierto;60000;0.00397888
2;user_ids;abierto;60000;0.00397366
3;user_ids;abierto;60000;0.00402643
4;user_ids;abierto;60000;0.00393881
5;user_ids;abierto;60000;0.00397292
6;user_ids;abierto;60000;0.00401088
7;user_ids;abierto;60000;0.0039403
8;user_ids;abierto;60000;0.00397788
9;user_ids;abierto;60000;0.00401228
10;user_ids;abierto;60000;0.00393082
11;user_ids;abierto;60000;0.00397105
12;user_ids;abierto;60000;0.0040357
13;user_ids;abierto;60000;0.00397107
14;user_ids;abierto;60000;0.00395478
15;user_ids;abierto;60000;0.00394032
16;user_ids;abierto;60000;0.00395334
17;user_ids;abierto;60000;0.00394819
18;user_ids;abierto;60000;0.00394782
19;user_ids;abierto;60000;0.00392341
20;user_ids;abierto;60000;0.00400523
1;user_screen_names;abierto;60000;0.00860475
2;user_screen_names;abierto;60000;0.00862843
3;user_screen_names;abierto;60000;0.00860714
4;user_screen_names;abierto;60000;0.00862862
5;user_screen_names;abierto;60000;0.00856382
6;user_screen_names;abierto;60000;0.00839804
7;user_screen_names;abierto;60000;0.00848853
8;user_screen_names;abierto;60000;0.00848549
9;user_screen_names;abierto;60000;0.00863238
10;user_screen_names;abierto;60000;0.00859295
11;user_screen_names;abierto;60000;0.00861017
12;user_screen_names;abierto;60000;0.00875056
13;user_screen_names;abierto;60000;0.00858271
14;user_screen_names;abierto;60000;0.00853743
15;user_screen_names;abierto;60000;0.00846439
16;user_screen_names;abierto;60000;0.00843614
17;user_screen_names;abierto;60000;0.00851095
18;user_screen_names;abierto;60000;0.00863872
19;user_screen_names;abierto;60000;0.00847909
20;user_screen_names;abierto;60000;0.00866189
1;user_ids;lineal;60000;3.4352
2;user_ids;lineal;60000;3.71541
3;user_ids;lineal;60000;3.32441
4;user_ids;lineal;60000;3.51522
5;user_ids;lineal;60000;3.38057
6;user_ids;lineal;60000;3.30705
7;user_ids;lineal;60000;3.26526
8;user_ids;lineal;60000;3.26454
9;user_ids;lineal;60000;3.27416
10;user_ids;lineal;60000;3.27557
11;user_ids;lineal;60000;3.41475
12;user_ids;lineal;60000;3.32054
13;user_ids;lineal;60000;3.2932
14;user_ids;lineal;60000;3.28251
15;user_ids;lineal;60000;3.26132
16;user_ids;lineal;60000;3.196
17;user_ids;lineal;60000;3.24804
18;user_ids;lineal;60000;3.27761
19;user_ids;lineal;60000;3.26976
20;user_ids;lineal;60000;3.31644
1;user_screen_names;lineal;60000;0.00776329
2;user_screen_names;lineal;60000;0.00788532
3;user_screen_names;lineal;60000;0.00779548
4;user_screen_names;lineal;60000;0.00782651
5;user_screen_names;lineal;60000;0.00772936
6;user_screen_names;lineal;60000;0.00774019
7;user_screen_names;lineal;60000;0.00784361
8;user_screen_names;lineal;60000;0.00783417
9;user_screen_names;lineal;60000;0.00782334
10;user_screen_names;lineal;60000;0.00775059
11;user_screen_names;lineal;60000;0.00774315
12;user_screen_names;lineal;60000;0.00775262
13;user_screen_names;lineal;60000;0.00778049
14;user_screen_names;lineal;60000;0.00774591
15;user_screen_names;lineal;60000;0.0077342
16;user_screen_names;lineal;60000;0.00781259
17;user_screen_names;lineal;60000;0.00796062
18;user_screen_names;lineal;60000;0.0078009
19;user_screen_names;lineal;60000;0.00780763
20;user_screen_names;lineal;60000;0.00776933
1;user_ids;cuadratico;60000;5.62165
2;user_ids;cuadratico;60000;5.66824
3;user_ids;cuadratico;60000;5.59897
4;user_ids;cuadratico;60000;5.54458
5;user_ids;cuadratico;60000;5.59832
6;user_ids;cuadratico;60000;5.61258
7;user_ids;cuadratico;60000;5.61454
8;user_ids;cuadratico;60000;5.66443
9;user_ids;cuadratico;60000;5.55672
10;user_ids;cuadratico;60000;5.60706
11;user_ids;cuadratico;60000;5.61884
12;user_ids;cuadratico;60000;5.64593
13;user_ids;cuadratico;60000;5.68094
14;user_ids;cuadratico;60000;5.66958
15;user_ids;cuadratico;60000;5.57347
16;user_ids;cuadratico;60000;5.59921
17;user_ids;cuadratico;60000;5.63983
18;user_ids;cuadratico;60000;5.64985
19;user_ids;cuadratico;60000;5.66568
20;user_ids;cuadratico;60000;5.59704
1;user_screen_names;cuadratico;60000;0.00995131
2;user_screen_names;cuadratico;60000;0.00994785
3;user_screen_names;cuadratico;60000;0.00983538
4;user_screen_names;cuadratico;60000;0.0098946
5;user_screen_names;cuadratico;60000;0.00991982
6;user_screen_names;cuadratico;60000;0.00993981
7;user_screen_names;cuadratico;60000;0.00982761
8;user_screen_names;cuadratico;60000;0.00992174
9;user_screen_names;cuadratico;60000;0.0100031
10;user_screen_names;cuadratico;60000;0.00984503
11;user_screen_names;cuadratico;60000;0.00990206
12;user_screen_names;cuadratico;60000;0.00999108
13;user_screen_names;cuadratico;60000;0.00996686
14;user_screen_names;cuadratico;60000;0.00998731
15;user_screen_names;cuadratico;60000;0.0100171
16;user_screen_names;cuadratico;60000;0.0099712
17;user_screen_names;cuadratico;60000;0.0098825
18;user_screen_names;cuadratico;60000;0.00992575
19;user_screen_names;cuadratico;60000;0.00992513
20;user_screen_names;cuadratico;60000;0.00990874
1;user_ids;doble;60000;0.00500116
2;user_ids;doble;60000;0.00507112
3;user_ids;doble;60000;0.00506466
4;user_ids;doble;60000;0.0049929
5;user_ids;doble;60000;0.00505051
6;user_ids;doble;60000;0.00496542
7;user_ids;doble;60000;0.00500401
8;user_ids;doble;60000;0.00502135
9;user_ids;doble;60000;0.00502085
10;user_ids;doble;60000;0.00524439
11;user_ids;doble;60000;0.00508376
12;user_ids;doble;60000;0.0050436
13;user_ids;doble;60000;0.00498886
14;user_ids;doble;60000;0.00504704
15;user_ids;doble;60000;0.00501699
16;user_ids;doble;60000;0.0049869
17;user_ids;doble;60000;0.00508218
18;user_ids;doble;60000;0.00501684
19;user_ids;doble;60000;0.00520618
20;user_ids;doble;60000;0.00499758
1;user_screen_names;doble;60000;0.0134855
2;user_screen_names;doble;60000;0.0134866
3;user_screen_names;doble;60000;0.0140867
4;user_screen_names;doble;60000;0.0134661
5;user_screen_names;doble;60000;0.0135039
6;user_screen_names;doble;60000;0.0135756
7;user_screen_names;doble;60000;0.0134546
8;user_screen_names;doble;60000;0.0134649
9;user_screen_names;doble;60000;0.0135394
10;user_screen_names;doble;60000;0.0142846
11;user_screen_names;doble;60000;0.0133847
12;user_screen_names;doble;60000;0.013416
13;user_screen_names;doble;60000;0.0133679
14;user_screen_names;doble;60000;0.0134316
15;user_screen_names;doble;60000;0.0135493
16;user_screen_names;doble;60000;0.0135093
17;user_screen_names;doble;60000;0.0134179
18;user_screen_names;doble;60000;0.0133871
19;user_screen_names;doble;60000;0.0134535
20;user_screen_names;doble;60000;0.0134937
1;user_ids;unordered_map;60000;0.00250501
2;user_ids;unordered_map;60000;0.00254836
3;user_ids;unordered_map;60000;0.00252311
4;user_ids;unordered_map;60000;0.00251649
5;user_ids;unordered_map;60000;0.00250456
6;user_ids;unordered_map;60000;0.00250403
7;user_ids;unordered_map;60000;0.00253125
8;user_ids;unordered_map;60000;0.00250379
9;user_ids;unordered_map;60000;0.00247981
10;user_ids;unordered_map;60000;0.00250161
11;user_ids;unordered_map;60000;0.00245644
12;user_ids;unordered_map;60000;0.00245919
13;user_ids;unordered_map;60000;0.00248433
14;user_ids;unordered_map;60000;0.00252142
15;user_ids;unordered_map;60000;0.00265442
16;user_ids;unordered_map;60000;0.00247793
17;user_ids;unordered_map;60000;0.00247141
18;user_ids;unordered_map;60000;0.00324344
19;user_ids;unordered_map;60000;0.00246992
20;user_ids;unordered_map;60000;0.00245261
1;user_screen_names;unordered_map;60000;0.00241865
2;user_screen_names;unordered_map;60000;0.0023939
3;user_screen_names;unordered_map;60000;0.00237852
4;user_screen_names;unordered_map;60000;0.00235065
5;user_screen_names;unordered_map;60000;0.00239187
6;user_screen_names;unordered_map;60000;0.00242657
7;user_screen_names;unordered_map;60000;0.00230946
8;user_screen_names;unordered_map;60000;0.00235976
9;user_screen_names;unordered_map;60000;0.00241538
10;user_screen_names;unordered_map;60000;0.00244757
11;user_screen_names;unordered_map;60000;0.00234189
12;user_screen_names;unordered_map;60000;0.00242774
13;user_screen_names;unordered_map;60000;0.00248777
14;user_screen_names;unordered_map;60000;0.00234748
15;user_screen_names;unordered_map;60000;0.00233675
16;user_screen_names;unordered_map;60000;0.00236078
17;user_screen_names;unordered_map;60000;0.00231801
18;user_screen_names;unordered_map;60000;0.00242771
19;user_screen_names;unordered_map;60000;0.00242705
20;user_screen_names;unordered_map;60000;0.00241164
1;user_ids;abierto;70000;0.00438534
2;user_ids;abierto;70000;0.0043225
3;user_ids;abierto;70000;0.00432643
4;user_ids;abierto;70000;0.00437781
5;user_ids;abierto;70000;0.00442068
6;user_ids;abierto;70000;0.00432092
7;user_ids;abierto;70000;0.00431265
8;user_ids;abierto;70000;0.00436252
9;user_ids;abierto;70000;0.0043041
10;user_ids;abierto;70000;0.00433419
11;user_ids;abierto;70000;0.00436095
12;user_ids;abierto;70000;0.00431498
13;user_ids;abierto;70000;0.0043487
14;user_ids;abierto;70000;0.00430051
15;user_ids;abierto;70000;0.00430967
16;user_ids;abierto;70000;0.00431746
17;user_ids;abierto;70000;0.00429068
18;user_ids;abierto;70000;0.00429807
19;user_ids;abierto;70000;0.00431248
20;user_ids;abierto;70000;0.00429381
1;user_screen_names;abierto;70000;0.0102889
2;user_screen_names;abierto;70000;0.0102849
3;user_screen_names;abierto;70000;0.010157
4;user_screen_names;abierto;70000;0.0103061
5;user_screen_names;abierto;70000;0.0102491
6;user_screen_names;abierto;70000;0.010293
7;user_screen_names;abierto;70000;0.0102856
8;user_screen_names;abierto;70000;0.0102542
9;user_screen_names;abierto;70000;0.0103442
10;user_screen_names;abierto;70000;0.0101941
11;user_screen_names;abierto;70000;0.0102824
12;user_screen_names;abierto;70000;0.0102899
13;user_screen_names;abierto;70000;0.0103084
14;user_screen_names;abierto;70000;0.0100426
15;user_screen_names;abierto;70000;0.0102314
16;user_screen_names;abierto;70000;0.0103343
17;user_screen_names;abierto;70000;0.0102121
18;user_screen_names;abierto;70000;0.0101326
19;user_screen_names;abierto;70000;0.0102676
20;user_screen_names;abierto;70000;0.0101283
1;user_ids;lineal;70000;4.23473
2;user_ids;lineal;70000;4.38812
3;user_ids;lineal;70000;4.28345
4;user_ids;lineal;70000;4.28222
5;user_ids;lineal;70000;4.28868
6;user_ids;lineal;70000;4.29132
7;user_ids;lineal;70000;4.27527
8;user_ids;lineal;70000;4.2088
9;user_ids;lineal;70000;4.27818
10;user_ids;lineal;70000;4.29721
11;user_ids;lineal;70000;4.32459
12;user_ids;lineal;70000;4.30971
13;user_ids;lineal;70000;4.31394
14;user_ids;lineal;70000;4.31075
15;user_ids;lineal;70000;4.32288
16;user_ids;lineal;70000;4.31145
17;user_ids;lineal;70000;4.31134
18;user_ids;lineal;70000;4.30896
19;user_ids;lineal;70000;4.18207
20;user_ids;lineal;70000;4.2403
1;user_screen_names;lineal;70000;0.00957
2;user_screen_names;lineal;70000;0.00956703
3;user_screen_names;lineal;70000;0.0100085
4;user_screen_names;lineal;70000;0.0096283
5;user_screen_names;lineal;70000;0.00954071
6;user_screen_names;lineal;70000;0.00964742
7;user_screen_names;lineal;70000;0.00967002
8;user_screen_names;lineal;70000;0.00963246
9;user_screen_names;lineal;70000;0.00959583
10;user_screen_names;lineal;70000;0.00964515
11;user_screen_names;lineal;70000;0.00957217
12;user_screen_names;lineal;70000;0.00963012
13;user_screen_names;lineal;70000;0.00960672
14;user_screen_names;lineal;70000;0.00958523
15;user_screen_names;lineal;70000;0.00958483
16;user_screen_names;lineal;70000;0.00974539
17;user_screen_names;lineal;70000;0.00970258
18;user_screen_names;lineal;70000;0.00965789
19;user_screen_names;lineal;70000;0.00971162
20;user_screen_names;lineal;70000;0.00969056
1;user_ids;cuadratico;70000;7.72864
2;user_ids;cuadratico;70000;7.77476
3;user_ids;cuadratico;70000;7.77158
4;user_ids;cuadratico;70000;7.69275
5;user_ids;cuadratico;70000;7.75384
6;user_ids;cuadratico;70000;7.77707
7;user_ids;cuadratico;70000;7.75586
8;user_ids;cuadratico;70000;7.62027
9;user_ids;cuadratico;70000;7.73487
10;user_ids;cuadratico;70000;7.76592
11;user_ids;cuadratico;70000;7.79429
12;user_ids;cuadratico;70000;7.66809
13;user_ids;cuadratico;70000;7.7546
14;user_ids;cuadratico;70000;7.76092
15;user_ids;cuadratico;70000;7.77673
16;user_ids;cuadratico;70000;7.67872
17;user_ids;cuadratico;70000;7.69243
18;user_ids;cuadratico;70000;7.75229
19;user_ids;cuadratico;70000;7.77711
20;user_ids;cuadratico;70000;7.71201
1;user_screen_names;cuadratico;70000;0.0127747
2;user_screen_names;cuadratico;70000;0.0127022
3;user_screen_names;cuadratico;70000;0.0128359
4;user_screen_names;cuadratico;70000;0.0128662
5;user_screen_names;cuadratico;70000;0.012812
6;user_screen_names;cuadratico;70000;0.0129175
7;user_screen_names;cuadratico;70000;0.0128346
8;user_screen_names;cuadratico;70000;0.0127718
9;user_screen_names;cuadratico;70000;0.0128776
10;user_screen_names;cuadratico;70000;0.0128385
11;user_screen_names;cuadratico;70000;0.0128584
12;user_screen_names;cuadratico;70000;0.0128671
13;user_screen_names;cuadratico;70000;0.0129314
14;user_screen_names;cuadratico;70000;0.0128997
15;user_screen_names;cuadratico;70000;0.0128322
16;user_screen_names;cuadratico;70000;0.0129581
17;user_screen_names;cuadratico;70000;0.0127508
18;user_screen_names;cuadratico;70000;0.012802
19;user_screen_names;cuadratico;70000;0.01308
20;user_screen_names;cuadratico;70000;0.0128742
1;user_ids;doble;70000;0.00580534
2;user_ids;doble;70000;0.00576657
3;user_ids;doble;70000;0.00581446
4;user_ids;doble;70000;0.00576395
5;user_ids;doble;70000;0.0056957
6;user_ids;doble;70000;0.00571007
7;user_ids;doble;70000;0.00567731
8;user_ids;doble;70000;0.00570084
9;user_ids;doble;70000;0.00571332
10;user_ids;doble;70000;0.00581785
11;user_ids;doble;70000;0.0056641
12;user_ids;doble;70000;0.00565636
13;user_ids;doble;70000;0.00575055
14;user_ids;doble;70000;0.00575438
15;user_ids;doble;70000;0.00582142
16;user_ids;doble;70000;0.00576899
17;user_ids;doble;70000;0.00586002
18;user_ids;doble;70000;0.00589179
19;user_ids;doble;70000;0.00693456
20;user_ids;doble;70000;0.00580548
1;user_screen_names;doble;70000;0.0173699
2;user_screen_names;doble;70000;0.0174284
3;user_screen_names;doble;70000;0.0172385
4;user_screen_names;doble;70000;0.0172725
5;user_screen_names;doble;70000;0.0173319
6;user_screen_names;doble;70000;0.017701
7;user_screen_names;doble;70000;0.0171733
8;user_screen_names;doble;70000;0.0171402
9;user_screen_names;doble;70000;0.0171918
10;user_screen_names;doble;70000;0.01717
11;user_screen_names;doble;70000;0.017163
12;user_screen_names;doble;70000;0.0171717
13;user_screen_names;doble;70000;0.0171074
14;user_screen_names;doble;70000;0.0171324
15;user_screen_names;doble;70000;0.0170864
16;user_screen_names;doble;70000;0.0171599
17;user_screen_names;doble;70000;0.0173496
18;user_screen_names;doble;70000;0.017296
19;user_screen_names;doble;70000;0.0172085
20;user_screen_names;doble;70000;0.0171398
1;user_ids;unordered_map;70000;0.00276488
2;user_ids;unordered_map;70000;0.00274614
3;user_ids;unordered_map;70000;0.00284563
4;user_ids;unordered_map;70000;0.00283851
5;user_ids;unordered_map;70000;0.00288681
6;user_ids;unordered_map;70000;0.00280423
7;user_ids;unordered_map;70000;0.00279948
8;user_ids;unordered_map;70000;0.00279225
9;user_ids;unordered_map;70000;0.00273016
10;user_ids;unordered_map;70000;0.00273788
11;user_ids;unordered_map;70000;0.00274861
12;user_ids;unordered_map;70000;0.00272623
13;user_ids;unordered_map;70000;0.00285705
14;user_ids;unordered_map;70000;0.00282749
15;user_ids;unordered_map;70000;0.00282727
16;user_ids;unordered_map;70000;0.00290185
17;user_ids;unordered_map;70000;0.0028181
18;user_ids;unordered_map;70000;0.00397585
19;user_ids;unordered_map;70000;0.00283257
20;user_ids;unordered_map;70000;0.00285407
1;user_screen_names;unordered_map;70000;0.00272012
2;user_screen_names;unordered_map;70000;0.00272
3;user_screen_names;unordered_map;70000;0.00274457
4;user_screen_names;unordered_map;70000;0.00273336
5;user_screen_names;unordered_map;70000;0.00270136
6;user_screen_names;unordered_map;70000;0.00272532
7;user_screen_names;unordered_map;70000;0.00276144
8;user_screen_names;unordered_map;70000;0.00268183
9;user_screen_names;unordered_map;70000;0.00273426
10;user_screen_names;unordered_map;70000;0.00275345
11;user_screen_names;unordered_map;70000;0.00268191
12;user_screen_names;unordered_map;70000;0.0027276
13;user_screen_names;unordered_map;70000;0.00275071
14;user_screen_names;unordered_map;70000;0.00269795
15;user_screen_names;unordered_map;70000;0.00271308
16;user_screen_names;unordered_map;70000;0.00268865
17;user_screen_names;unordered_map;70000;0.00263761
18;user_screen_names;unordered_map;70000;0.00267843
19;user_screen_names;unordered_map;70000;0.00274624
20;user_screen_names;unordered_map;70000;0.0027762
1;user_ids;abierto;80000;0.00487411
2;user_ids;abierto;80000;0.00482752
3;user_ids;abierto;80000;0.00482864
4;user_ids;abierto;80000;0.00485956
5;user_ids;abierto;80000;0.00523089
6;user_ids;abierto;80000;0.00481539
7;user_ids;abierto;80000;0.00483772
8;user_ids;abierto;80000;0.00486039
9;user_ids;abierto;80000;0.00484233
10;user_ids;abierto;80000;0.00485831
11;user_ids;abierto;80000;0.00487013
12;user_ids;abierto;80000;0.00491356
13;user_ids;abierto;80000;0.00491788
14;user_ids;abierto;80000;0.00484353
15;user_ids;abierto;80000;0.00485152
16;user_ids;abierto;80000;0.00485718
17;user_ids;abierto;80000;0.00485657
18;user_ids;abierto;80000;0.00486685
19;user_ids;abierto;80000;0.00484235
20;user_ids;abierto;80000;0.00490975
1;user_screen_names;abierto;80000;0.0125118
2;user_screen_names;abierto;80000;0.0124976
3;user_screen_names;abierto;80000;0.0125161
4;user_screen_names;abierto;80000;0.0124701
5;user_screen_names;abierto;80000;0.0124998
6;user_screen_names;abierto;80000;0.0125555
7;user_screen_names;abierto;80000;0.0126395
8;user_screen_names;abierto;80000;0.0124121
9;user_screen_names;abierto;80000;0.0124885
10;user_screen_names;abierto;80000;0.0125769
11;user_screen_names;abierto;80000;0.0125188
12;user_screen_names;abierto;80000;0.0124716
13;user_screen_names;abierto;80000;0.0124455
14;user_screen_names;abierto;80000;0.0125849
15;user_screen_names;abierto;80000;0.0125469
16;user_screen_names;abierto;80000;0.0124478
17;user_screen_names;abierto;80000;0.0125088
18;user_screen_names;abierto;80000;0.0125823
19;user_screen_names;abierto;80000;0.0125228
20;user_screen_names;abierto;80000;0.0126263
1;user_ids;lineal;80000;5.2826
2;user_ids;lineal;80000;5.31338
3;user_ids;lineal;80000;5.32095
4;user_ids;lineal;80000;5.35098
5;user_ids;lineal;80000;5.33558
6;user_ids;lineal;80000;5.24795
7;user_ids;lineal;80000;5.28845
8;user_ids;lineal;80000;5.2792
9;user_ids;lineal;80000;5.29796
10;user_ids;lineal;80000;5.29802
11;user_ids;lineal;80000;5.31428
12;user_ids;lineal;80000;5.22377
13;user_ids;lineal;80000;5.24978
14;user_ids;lineal;80000;5.3
15;user_ids;lineal;80000;5.33274
16;user_ids;lineal;80000;5.33343
17;user_ids;lineal;80000;5.30634
18;user_ids;lineal;80000;5.24052
19;user_ids;lineal;80000;5.24032
20;user_ids;lineal;80000;5.50318
1;user_screen_names;lineal;80000;0.0116792
2;user_screen_names;lineal;80000;0.0116144
3;user_screen_names;lineal;80000;0.011665
4;user_screen_names;lineal;80000;0.0118055
5;user_screen_names;lineal;80000;0.0117413
6;user_screen_names;lineal;80000;0.0116618
7;user_screen_names;lineal;80000;0.0117949
8;user_screen_names;lineal;80000;0.0116481
9;user_screen_names;lineal;80000;0.0116508
10;user_screen_names;lineal;80000;0.0118842
11;user_screen_names;lineal;80000;0.0117205
12;user_screen_names;lineal;80000;0.0116974
13;user_screen_names;lineal;80000;0.0116567
14;user_screen_names;lineal;80000;0.0117638
15;user_screen_names;lineal;80000;0.0116442
16;user_screen_names;lineal;80000;0.0117413
17;user_screen_names;lineal;80000;0.0116594
18;user_screen_names;lineal;80000;0.0117905
19;user_screen_names;lineal;80000;0.0117037
20;user_screen_names;lineal;80000;0.0116325
1;user_ids;cuadratico;80000;9.83714
2;user_ids;cuadratico;80000;9.84157
3;user_ids;cuadratico;80000;9.75583
4;user_ids;cuadratico;80000;9.86253
5;user_ids;cuadratico;80000;9.9397
6;user_ids;cuadratico;80000;9.76248
7;user_ids;cuadratico;80000;9.83522
8;user_ids;cuadratico;80000;9.83436
9;user_ids;cuadratico;80000;9.71691
10;user_ids;cuadratico;80000;9.76864
11;user_ids;cuadratico;80000;9.82882
12;user_ids;cuadratico;80000;9.79762
13;user_ids;cuadratico;80000;9.76661
14;user_ids;cuadratico;80000;9.82954
15;user_ids;cuadratico;80000;9.84906
16;user_ids;cuadratico;80000;9.7077
17;user_ids;cuadratico;80000;9.84627
18;user_ids;cuadratico;80000;9.84126
19;user_ids;cuadratico;80000;9.73789
20;user_ids;cuadratico;80000;9.85327
1;user_screen_names;cuadratico;80000;0.0160175
2;user_screen_names;cuadratico;80000;0.0162058
3;user_screen_names;cuadratico;80000;0.016666
4;user_screen_names;cuadratico;80000;0.0160429
5;user_screen_names;cuadratico;80000;0.015899
6;user_screen_names;cuadratico;80000;0.016046
7;user_screen_names;cuadratico;80000;0.0159568
8;user_screen_names;cuadratico;80000;0.0160456
9;user_screen_names;cuadratico;80000;0.0159554
10;user_screen_names;cuadratico;80000;0.0159912
11;user_screen_names;cuadratico;80000;0.0159276
12;user_screen_names;cuadratico;80000;0.0159262
13;user_screen_names;cuadratico;80000;0.0159217
14;user_screen_names;cuadratico;80000;0.0158669
15;user_screen_names;cuadratico;80000;0.01591
16;user_screen_names;cuadratico;80000;0.0160651
17;user_screen_names;cuadratico;80000;0.0158502
18;user_screen_names;cuadratico;80000;0.0160129
19;user_screen_names;cuadratico;80000;0.015885
20;user_screen_names;cuadratico;80000;0.0160052
1;user_ids;doble;80000;0.00659679
2;user_ids;doble;80000;0.00645124
3;user_ids;doble;80000;0.00653104
4;user_ids;doble;80000;0.00654112
5;user_ids;doble;80000;0.00654515
6;user_ids;doble;80000;0.00652418
7;user_ids;doble;80000;0.00645667
8;user_ids;doble;80000;0.00649889
9;user_ids;doble;80000;0.0065364
10;user_ids;doble;80000;0.00656636
11;user_ids;doble;80000;0.00645732
12;user_ids;doble;80000;0.00654871
13;user_ids;doble;80000;0.00662344
14;user_ids;doble;80000;0.0068052
15;user_ids;doble;80000;0.00648848
16;user_ids;doble;80000;0.00647085
17;user_ids;doble;80000;0.00656021
18;user_ids;doble;80000;0.00653638
19;user_ids;doble;80000;0.0065236
20;user_ids;doble;80000;0.0065147
1;user_screen_names;doble;80000;0.0215634
2;user_screen_names;doble;80000;0.0213854
3;user_screen_names;doble;80000;0.0214038
4;user_screen_names;doble;80000;0.0212723
5;user_screen_names;doble;80000;0.0213065
6;user_screen_names;doble;80000;0.0213291
7;user_screen_names;doble;80000;0.0212723
8;user_screen_names;doble;80000;0.0212621
9;user_screen_names;doble;80000;0.0212926
10;user_screen_names;doble;80000;0.0213556
11;user_screen_names;doble;80000;0.0214492
12;user_screen_names;doble;80000;0.0212419
13;user_screen_names;doble;80000;0.0212603
14;user_screen_names;doble;80000;0.021296
15;user_screen_names;doble;80000;0.0212394
16;user_screen_names;doble;80000;0.0213325
17;user_screen_names;doble;80000;0.0212703
18;user_screen_names;doble;80000;0.0213292
19;user_screen_names;doble;80000;0.0214292
20;user_screen_names;doble;80000;0.0214
1;user_ids;unordered_map;80000;0.0032269
2;user_ids;unordered_map;80000;0.00318216
3;user_ids;unordered_map;80000;0.00315247
4;user_ids;unordered_map;80000;0.00323142
5;user_ids;unordered_map;80000;0.00324239
6;user_ids;unordered_map;80000;0.00317244
7;user_ids;unordered_map;80000;0.00326242
8;user_ids;unordered_map;80000;0.0032198
9;user_ids;unordered_map;80000;0.00315389
10;user_ids;unordered_map;80000;0.00323028
11;user_ids;unordered_map;80000;0.00322848
12;user_ids;unordered_map;80000;0.00315374
13;user_ids;unordered_map;80000;0.00319933
14;user_ids;unordered_map;80000;0.00320131
15;user_ids;unordered_map;80000;0.00319858
16;user_ids;unordered_map;80000;0.00323988
17;user_ids;unordered_map;80000;0.00323413
18;user_ids;unordered_map;80000;0.00324839
19;user_ids;unordered_map;80000;0.00336576
20;user_ids;unordered_map;80000;0.00321307
1;user_screen_names;unordered_map;80000;0.00302013
2;user_screen_names;unordered_map;80000;0.00299175
3;user_screen_names;unordered_map;80000;0.00299218
4;user_screen_names;unordered_map;80000;0.00297805
5;user_screen_names;unordered_map;80000;0.00300727
6;user_screen_names;unordered_map;80000;0.00300909
7;user_screen_names;unordered_map;80000;0.00300278
8;user_screen_names;unordered_map;80000;0.00304922
9;user_screen_names;unordered_map;80000;0.00304942
10;user_screen_names;unordered_map;80000;0.0030781
11;user_screen_names;unordered_map;80000;0.00305343
12;user_screen_names;unordered_map;80000;0.0030969
13;user_screen_names;unordered_map;80000;0.00308537
14;user_screen_names;unordered_map;80000;0.00303037
15;user_screen_names;unordered_map;80000;0.00319316
16;user_screen_names;unordered_map;80000;0.00303579
17;user_screen_names;unordered_map;80000;0.00326347
18;user_screen_names;unordered_map;80000;0.00308275
19;user_screen_names;unordered_map;80000;0.00308125
20;user_screen_names;unordered_map;80000;0.0030537
1;user_ids;abierto;90000;0.00536458
2;user_ids;abierto;90000;0.00535638
3;user_ids;abierto;90000;0.00531792
4;user_ids;abierto;90000;0.00540942
5;user_ids;abierto;90000;0.00534262
6;user_ids;abierto;90000;0.00535974
7;user_ids;abierto;90000;0.00540666
8;user_ids;abierto;90000;0.00539002
9;user_ids;abierto;90000;0.00532087
10;user_ids;abierto;90000;0.00541679
11;user_ids;abierto;90000;0.00532753
12;user_ids;abierto;90000;0.00547392
13;user_ids;abierto;90000;0.00541849
14;user_ids;abierto;90000;0.00539862
15;user_ids;abierto;90000;0.0053753
16;user_ids;abierto;90000;0.00529149
17;user_ids;abierto;90000;0.00536775
18;user_ids;abierto;90000;0.00543571
19;user_ids;abierto;90000;0.00538024
20;user_ids;abierto;90000;0.00538165
1;user_screen_names;abierto;90000;0.014781
2;user_screen_names;abierto;90000;0.0148523
3;user_screen_names;abierto;90000;0.0144582
4;user_screen_names;abierto;90000;0.0146876
5;user_screen_names;abierto;90000;0.0147512
6;user_screen_names;abierto;90000;0.01481
7;user_screen_names;abierto;90000;0.014615
8;user_screen_names;abierto;90000;0.0147804
9;user_screen_names;abierto;90000;0.0146806
10;user_screen_names;abierto;90000;0.0148479
11;user_screen_names;abierto;90000;0.0146482
12;user_screen_names;abierto;90000;0.014809
13;user_screen_names;abierto;90000;0.0146799
14;user_screen_names;abierto;90000;0.0147952
15;user_screen_names;abierto;90000;0.0146223
16;user_screen_names;abierto;90000;0.0147821
17;user_screen_names;abierto;90000;0.0147242
18;user_screen_names;abierto;90000;0.0147665
19;user_screen_names;abierto;90000;0.0147134
20;user_screen_names;abierto;90000;0.0147956
1;user_ids;lineal;90000;6.23829
2;user_ids;lineal;90000;6.24455
3;user_ids;lineal;90000;6.13114
4;user_ids;lineal;90000;6.19546
5;user_ids;lineal;90000;6.22322
6;user_ids;lineal;90000;6.27195
7;user_ids;lineal;90000;6.27525
8;user_ids;lineal;90000;6.17821
9;user_ids;lineal;90000;6.20232
10;user_ids;lineal;90000;6.24388
11;user_ids;lineal;90000;6.26112
12;user_ids;lineal;90000;6.2788
13;user_ids;lineal;90000;6.17975
14;user_ids;lineal;90000;6.20032
15;user_ids;lineal;90000;6.22579
16;user_ids;lineal;90000;6.25615
17;user_ids;lineal;90000;6.26623
18;user_ids;lineal;90000;6.1968
19;user_ids;lineal;90000;6.18419
20;user_ids;lineal;90000;6.23212
1;user_screen_names;lineal;90000;0.0134219
2;user_screen_names;lineal;90000;0.0135035
3;user_screen_names;lineal;90000;0.0136008
4;user_screen_names;lineal;90000;0.0134567
5;user_screen_names;lineal;90000;0.013612
6;user_screen_names;lineal;90000;0.0134415
7;user_screen_names;lineal;90000;0.0135856
8;user_screen_names;lineal;90000;0.0134983
9;user_screen_names;lineal;90000;0.0135309
10;user_screen_names;lineal;90000;0.0135236
11;user_screen_names;lineal;90000;0.0136917
12;user_screen_names;lineal;90000;0.0133696
13;user_screen_names;lineal;90000;0.0134218
14;user_screen_names;lineal;90000;0.013528
15;user_screen_names;lineal;90000;0.0134321
16;user_screen_names;lineal;90000;0.0134149
17;user_screen_names;lineal;90000;0.0133508
18;user_screen_names;lineal;90000;0.01344
19;user_screen_names;lineal;90000;0.0134497
20;user_screen_names;lineal;90000;0.0137573
1;user_ids;cuadratico;90000;11.6019
2;user_ids;cuadratico;90000;11.4371
3;user_ids;cuadratico;90000;11.5678
4;user_ids;cuadratico;90000;11.6749
5;user_ids;cuadratico;90000;11.5154
6;user_ids;cuadratico;90000;11.6029
7;user_ids;cuadratico;90000;11.6401
8;user_ids;cuadratico;90000;11.5107
9;user_ids;cuadratico;90000;11.602
10;user_ids;cuadratico;90000;11.612
11;user_ids;cuadratico;90000;11.4751
12;user_ids;cuadratico;90000;11.6051
13;user_ids;cuadratico;90000;11.4909
14;user_ids;cuadratico;90000;11.5842
15;user_ids;cuadratico;90000;11.6336
16;user_ids;cuadratico;90000;11.5091
17;user_ids;cuadratico;90000;11.5123
18;user_ids;cuadratico;90000;11.6724
19;user_ids;cuadratico;90000;11.4562
20;user_ids;cuadratico;90000;11.6106
1;user_screen_names;cuadratico;90000;0.0185138
2;user_screen_names;cuadratico;90000;0.0187985
3;user_screen_names;cuadratico;90000;0.0190159
4;user_screen_names;cuadratico;90000;0.0186755
5;user_screen_names;cuadratico;90000;0.0186429
6;user_screen_names;cuadratico;90000;0.0185743
7;user_screen_names;cuadratico;90000;0.0185909
8;user_screen_names;cuadratico;90000;0.0185407
9;user_screen_names;cuadratico;90000;0.0186127
10;user_screen_names;cuadratico;90000;0.0185389
11;user_screen_names;cuadratico;90000;0.0186641
12;user_screen_names;cuadratico;90000;0.0185306
13;user_screen_names;cuadratico;90000;0.0186014
14;user_screen_names;cuadratico;90000;0.0185443
15;user_screen_names;cuadratico;90000;0.0184282
16;user_screen_names;cuadratico;90000;0.0186135
17;user_screen_names;cuadratico;90000;0.0186073
18;user_screen_names;cuadratico;90000;0.0187104
19;user_screen_names;cuadratico;90000;0.018583
20;user_screen_names;cuadratico;90000;0.0186119
1;user_ids;doble;90000;0.00761757
2;user_ids;doble;90000;0.00763061
3;user_ids;doble;90000;0.00767748
4;user_ids;doble;90000;0.00761726
5;user_ids;doble;90000;0.00763065
6;user_ids;doble;90000;0.00767652
7;user_ids;doble;90000;0.00765316
8;user_ids;doble;90000;0.00770071
9;user_ids;doble;90000;0.00839661
10;user_ids;doble;90000;0.0077256
11;user_ids;doble;90000;0.00778467
12;user_ids;doble;90000;0.00764435
13;user_ids;doble;90000;0.00761071
14;user_ids;doble;90000;0.0080753
15;user_ids;doble;90000;0.00767538
16;user_ids;doble;90000;0.00767192
17;user_ids;doble;90000;0.00764776
18;user_ids;doble;90000;0.00794265
19;user_ids;doble;90000;0.00777747
20;user_ids;doble;90000;0.00765326
1;user_screen_names;doble;90000;0.0257674
2;user_screen_names;doble;90000;0.0246513
3;user_screen_names;doble;90000;0.0247399
4;user_screen_names;doble;90000;0.0246301
5;user_screen_names;doble;90000;0.024702
6;user_screen_names;doble;90000;0.0246623
7;user_screen_names;doble;90000;0.0247865
8;user_screen_names;doble;90000;0.0247667
9;user_screen_names;doble;90000;0.0245285
10;user_screen_names;doble;90000;0.0247032
11;user_screen_names;doble;90000;0.0245421
12;user_screen_names;doble;90000;0.024678
13;user_screen_names;doble;90000;0.024505
14;user_screen_names;doble;90000;0.0246531
15;user_screen_names;doble;90000;0.0246461
16;user_screen_names;doble;90000;0.0246691
17;user_screen_names;doble;90000;0.0247586
18;user_screen_names;doble;90000;0.0246703
19;user_screen_names;doble;90000;0.0247617
20;user_screen_names;doble;90000;0.024699
1;user_ids;unordered_map;90000;0.00347841
2;user_ids;unordered_map;90000;0.00344719
3;user_ids;unordered_map;90000;0.00346516
4;user_ids;unordered_map;90000;0.00343665
5;user_ids;unordered_map;90000;0.00343396
6;user_ids;unordered_map;90000;0.00350397
7;user_ids;unordered_map;90000;0.00353174
8;user_ids;unordered_map;90000;0.0034856
9;user_ids;unordered_map;90000;0.00350627
10;user_ids;unordered_map;90000;0.00348181
11;user_ids;unordered_map;90000;0.00345331
12;user_ids;unordered_map;90000;0.00350808
13;user_ids;unordered_map;90000;0.00345809
14;user_ids;unordered_map;90000;0.00346284
15;user_ids;unordered_map;90000;0.0034317
16;user_ids;unordered_map;90000;0.00345074
17;user_ids;unordered_map;90000;0.00347274
18;user_ids;unordered_map;90000;0.0034648
19;user_ids;unordered_map;90000;0.00338735
20;user_ids;unordered_map;90000;0.00343319
1;user_screen_names;unordered_map;90000;0.0033068
2;user_screen_names;unordered_map;90000;0.00325928
3;user_screen_names;unordered_map;90000;0.00332516
4;user_screen_names;unordered_map;90000;0.00332345
5;user_screen_names;unordered_map;90000;0.00327237
6;user_screen_names;unordered_map;90000;0.00323428
7;user_screen_names;unordered_map;90000;0.0033178
8;user_screen_names;unordered_map;90000;0.00330198
9;user_screen_names;unordered_map;90000;0.00336761
10;user_screen_names;unordered_map;90000;0.00326446
11;user_screen_names;unordered_map;90000;0.00332863
12;user_screen_names;unordered_map;90000;0.00330925
13;user_screen_names;unordered_map;90000;0.00331142
14;user_screen_names;unordered_map;90000;0.00331371
15;user_screen_names;unordered_map;90000;0.00328823
16;user_screen_names;unordered_map;90000;0.00330653
17;user_screen_names;unordered_map;90000;0.00336631
18;user_screen_names;unordered_map;90000;0.0033231
19;user_screen_names;unordered_map;90000;0.00331806
20;user_screen_names;unordered_map;90000;0.00329767
1;user_ids;abierto;100000;0.0059948
2;user_ids;abierto;100000;0.00583135
3;user_ids;abierto;100000;0.00587816
4;user_ids;abierto;100000;0.00579165
5;user_ids;abierto;100000;0.00579006
6;user_ids;abierto;100000;0.00579098
7;user_ids;abierto;100000;0.00582664
8;user_ids;abierto;100000;0.00583658
9;user_ids;abierto;100000;0.00578458
10;user_ids;abierto;100000;0.00584973
11;user_ids;abierto;100000;0.00580533
12;user_ids;abierto;100000;0.00580166
13;user_ids;abierto;100000;0.00579037
14;user_ids;abierto;100000;0.00581968
15;user_ids;abierto;100000;0.00582107
16;user_ids;abierto;100000;0.00584107
17;user_ids;abierto;100000;0.00585781
18;user_ids;abierto;100000;0.00578524
19;user_ids;abierto;100000;0.00586
20;user_ids;abierto;100000;0.00576811
1;user_screen_names;abierto;100000;0.0165585
2;user_screen_names;abierto;100000;0.0167365
3;user_screen_names;abierto;100000;0.0167242
4;user_screen_names;abierto;100000;0.0167151
5;user_screen_names;abierto;100000;0.0166192
6;user_screen_names;abierto;100000;0.0166482
7;user_screen_names;abierto;100000;0.0166684
8;user_screen_names;abierto;100000;0.0166252
9;user_screen_names;abierto;100000;0.0166046
10;user_screen_names;abierto;100000;0.0167591
11;user_screen_names;abierto;100000;0.0165967
12;user_screen_names;abierto;100000;0.0166757
13;user_screen_names;abierto;100000;0.0165963
14;user_screen_names;abierto;100000;0.0164578
15;user_screen_names;abierto;100000;0.0167301
16;user_screen_names;abierto;100000;0.0166593
17;user_screen_names;abierto;100000;0.0166734
18;user_screen_names;abierto;100000;0.0167657
19;user_screen_names;abierto;100000;0.0166206
20;user_screen_names;abierto;100000;0.0166641
1;user_ids;lineal;100000;7.25161
2;user_ids;lineal;100000;7.13857
3;user_ids;lineal;100000;7.21424
4;user_ids;lineal;100000;7.23705
5;user_ids;lineal;100000;7.25819
6;user_ids;lineal;100000;7.17998
7;user_ids;lineal;100000;7.14447
8;user_ids;lineal;100000;7.20657
9;user_ids;lineal;100000;7.22644
10;user_ids;lineal;100000;7.25438
11;user_ids;lineal;100000;7.13669
12;user_ids;lineal;100000;7.19706
13;user_ids;lineal;100000;7.24095
14;user_ids;lineal;100000;7.2613
15;user_ids;lineal;100000;7.16897
16;user_ids;lineal;100000;7.13763
17;user_ids;lineal;100000;7.20147
18;user_ids;lineal;100000;7.22941
19;user_ids;lineal;100000;7.24152
20;user_ids;lineal;100000;7.10766
1;user_screen_names;lineal;100000;0.0150064
2;user_screen_names;lineal;100000;0.0150799
3;user_screen_names;lineal;100000;0.0151137
4;user_screen_names;lineal;100000;0.0151306
5;user_screen_names;lineal;100000;0.0151518
6;user_screen_names;lineal;100000;0.0151495
7;user_screen_names;lineal;100000;0.0151332
8;user_screen_names;lineal;100000;0.0151476
9;user_screen_names;lineal;100000;0.0150505
10;user_screen_names;lineal;100000;0.016921
11;user_screen_names;lineal;100000;0.0150697
12;user_screen_names;lineal;100000;0.0151319
13;user_screen_names;lineal;100000;0.0150786
14;user_screen_names;lineal;100000;0.0152043
15;user_screen_names;lineal;100000;0.0150277
16;user_screen_names;lineal;100000;0.0150207
17;user_screen_names;lineal;100000;0.0150427
18;user_screen_names;lineal;100000;0.0150985
19;user_screen_names;lineal;100000;0.0151254
20;user_screen_names;lineal;100000;0.0151436
1;user_ids;cuadratico;100000;13.2232
2;user_ids;cuadratico;100000;13.3404
3;user_ids;cuadratico;100000;13.242
4;user_ids;cuadratico;100000;13.3469
5;user_ids;cuadratico;100000;13.2275
6;user_ids;cuadratico;100000;13.3873
7;user_ids;cuadratico;100000;13.2408
8;user_ids;cuadratico;100000;13.2189
9;user_ids;cuadratico;100000;13.3443
10;user_ids;cuadratico;100000;13.2253
11;user_ids;cuadratico;100000;13.3878
12;user_ids;cuadratico;100000;13.2884
13;user_ids;cuadratico;100000;13.3347
14;user_ids;cuadratico;100000;13.3965
15;user_ids;cuadratico;100000;13.2553
16;user_ids;cuadratico;100000;13.348
17;user_ids;cuadratico;100000;13.2472
18;user_ids;cuadratico;100000;13.2306
19;user_ids;cuadratico;100000;13.2659
20;user_ids;cuadratico;100000;13.2605
1;user_screen_names;cuadratico;100000;0.0209726
2;user_screen_names;cuadratico;100000;0.0210734
3;user_screen_names;cuadratico;100000;0.0210118
4;user_screen_names;cuadratico;100000;0.021205
5;user_screen_names;cuadratico;100000;0.0209535
6;user_screen_names;cuadratico;100000;0.0210897
7;user_screen_names;cuadratico;100000;0.0209672
8;user_screen_names;cuadratico;100000;0.0212347
9;user_screen_names;cuadratico;100000;0.0211678
10;user_screen_names;cuadratico;100000;0.0211379
11;user_screen_names;cuadratico;100000;0.0210288
12;user_screen_names;cuadratico;100000;0.0210129
13;user_screen_names;cuadratico;100000;0.0211673
14;user_screen_names;cuadratico;100000;0.0210013
15;user_screen_names;cuadratico;100000;0.0210799
16;user_screen_names;cuadratico;100000;0.0210429
17;user_screen_names;cuadratico;100000;0.0210456
18;user_screen_names;cuadratico;100000;0.0211731
19;user_screen_names;cuadratico;100000;0.0210737
20;user_screen_names;cuadratico;100000;0.0209704
1;user_ids;doble;100000;0.00877569
2;user_ids;doble;100000;0.00880024
3;user_ids;doble;100000;0.00871115
4;user_ids;doble;100000;0.00866023
5;user_ids;doble;100000;0.0088053
6;user_ids;doble;100000;0.00874297
7;user_ids;doble;100000;0.00878389
8;user_ids;doble;100000;0.00878905
9;user_ids;doble;100000;0.00875825
10;user_ids;doble;100000;0.00885821
11;user_ids;doble;100000;0.00880687
12;user_ids;doble;100000;0.00879269
13;user_ids;doble;100000;0.00875687
14;user_ids;doble;100000;0.00881064
15;user_ids;doble;100000;0.00877335
16;user_ids;doble;100000;0.00909529
17;user_ids;doble;100000;0.00883697
18;user_ids;doble;100000;0.00881468
19;user_ids;doble;100000;0.00883234
20;user_ids;doble;100000;0.00875201
1;user_screen_names;doble;100000;0.0280487
2;user_screen_names;doble;100000;0.0279362
3;user_screen_names;doble;100000;0.0281187
4;user_screen_names;doble;100000;0.0282015
5;user_screen_names;doble;100000;0.0280664
6;user_screen_names;doble;100000;0.0279562
7;user_screen_names;doble;100000;0.0282243
8;user_screen_names;doble;100000;0.0280104
9;user_screen_names;doble;100000;0.0280726
10;user_screen_names;doble;100000;0.0284547
11;user_screen_names;doble;100000;0.0282372
12;user_screen_names;doble;100000;0.0279527
13;user_screen_names;doble;100000;0.0280206
14;user_screen_names;doble;100000;0.028024
15;user_screen_names;doble;100000;0.0279617
16;user_screen_names;doble;100000;0.0281401
17;user_screen_names;doble;100000;0.0280109
18;user_screen_names;doble;100000;0.0281009
19;user_screen_names;doble;100000;0.0280374
20;user_screen_names;doble;100000;0.0292114
1;user_ids;unordered_map;100000;0.00368716
2;user_ids;unordered_map;100000;0.0037258
3;user_ids;unordered_map;100000;0.00368271
4;user_ids;unordered_map;100000;0.003753
5;user_ids;unordered_map;100000;0.00371394
6;user_ids;unordered_map;100000;0.00372704
7;user_ids;unordered_map;100000;0.00372451
8;user_ids;unordered_map;100000;0.00395608
9;user_ids;unordered_map;100000;0.0037289
10;user_ids;unordered_map;100000;0.00470094
11;user_ids;unordered_map;100000;0.00367403
12;user_ids;unordered_map;100000;0.00371327
13;user_ids;unordered_map;100000;0.00370761
14;user_ids;unordered_map;100000;0.00377162
15;user_ids;unordered_map;100000;0.0037395
16;user_ids;unordered_map;100000;0.00374021
17;user_ids;unordered_map;100000;0.0037256
18;user_ids;unordered_map;100000;0.00368766
19;user_ids;unordered_map;100000;0.00370448
20;user_ids;unordered_map;100000;0.0037273
1;user_screen_names;unordered_map;100000;0.00357926
2;user_screen_names;unordered_map;100000;0.00355744
3;user_screen_names;unordered_map;100000;0.00354604
4;user_screen_names;unordered_map;100000;0.00357873
5;user_screen_names;unordered_map;100000;0.00355045
6;user_screen_names;unordered_map;100000;0.00359094
7;user_screen_names;unordered_map;100000;0.0035559
8;user_screen_names;unordered_map;100000;0.0035513
9;user_screen_names;unordered_map;100000;0.0035483
10;user_screen_names;unordered_map;100000;0.00361876
11;user_screen_names;unordered_map;100000;0.0034931
12;user_screen_names;unordered_map;100000;0.00356548
13;user_screen_names;unordered_map;100000;0.00448512
14;user_screen_names;unordered_map;100000;0.00359467
15;user_screen_names;unordered_map;100000;0.00356804
16;user_screen_names;unordered_map;100000;0.00366186
17;user_screen_names;unordered_map;100000;0.00357934
18;user_screen_names;unordered_map;100000;0.00358813
19;user_screen_names;unordered_map;100000;0.00360331
20;user_screen_names;unordered_map;100000;0.00353807
1;user_ids;abierto;110000;0.00634646
2;user_ids;abierto;110000;0.00631188
3;user_ids;abierto;110000;0.00622678
4;user_ids;abierto;110000;0.00629183
5;user_ids;abierto;110000;0.00629471
6;user_ids;abierto;110000;0.0062439
7;user_ids;abierto;110000;0.00624776
8;user_ids;abierto;110000;0.00631891
9;user_ids;abierto;110000;0.00622147
10;user_ids;abierto;110000;0.00616367
11;user_ids;abierto;110000;0.00625004
12;user_ids;abierto;110000;0.00627847
13;user_ids;abierto;110000;0.0062428
14;user_ids;abierto;110000;0.00626
15;user_ids;abierto;110000;0.00624927
16;user_ids;abierto;110000;0.00620158
17;user_ids;abierto;110000;0.00634106
18;user_ids;abierto;110000;0.00629826
19;user_ids;abierto;110000;0.00631067
20;user_ids;abierto;110000;0.00632561
1;user_screen_names;abierto;110000;0.0186097
2;user_screen_names;abierto;110000;0.0182768
3;user_screen_names;abierto;110000;0.0183642
4;user_screen_names;abierto;110000;0.0184953
5;user_screen_names;abierto;110000;0.0183042
6;user_screen_names;abierto;110000;0.0185569
7;user_screen_names;abierto;110000;0.0184459
8;user_screen_names;abierto;110000;0.0184155
9;user_screen_names;abierto;110000;0.0184652
10;user_screen_names;abierto;110000;0.0183096
11;user_screen_names;abierto;110000;0.0187039
12;user_screen_names;abierto;110000;0.0184392
13;user_screen_names;abierto;110000;0.0184722
14;user_screen_names;abierto;110000;0.0184888
15;user_screen_names;abierto;110000;0.0184654
16;user_screen_names;abierto;110000;0.0184196
17;user_screen_names;abierto;110000;0.0183171
18;user_screen_names;abierto;110000;0.0185275
19;user_screen_names;abierto;110000;0.0181876
20;user_screen_names;abierto;110000;0.0183248
1;user_ids;lineal;110000;8.22291
2;user_ids;lineal;110000;8.16781
3;user_ids;lineal;110000;8.12899
4;user_ids;lineal;110000;8.19801
5;user_ids;lineal;110000;8.23079
6;user_ids;lineal;110000;8.17313
7;user_ids;lineal;110000;8.12944
8;user_ids;lineal;110000;8.17794
9;user_ids;lineal;110000;8.20702
10;user_ids;lineal;110000;8.12568
11;user_ids;lineal;110000;8.08839
12;user_ids;lineal;110000;8.28972
13;user_ids;lineal;110000;8.22593
14;user_ids;lineal;110000;8.14205
15;user_ids;lineal;110000;8.15526
16;user_ids;lineal;110000;8.21143
17;user_ids;lineal;110000;8.19426
18;user_ids;lineal;110000;8.09974
19;user_ids;lineal;110000;8.119
20;user_ids;lineal;110000;8.1753
1;user_screen_names;lineal;110000;0.0171294
2;user_screen_names;lineal;110000;0.0170337
3;user_screen_names;lineal;110000;0.0171069
4;user_screen_names;lineal;110000;0.0170705
5;user_screen_names;lineal;110000;0.0170521
6;user_screen_names;lineal;110000;0.0179155
7;user_screen_names;lineal;110000;0.0170989
8;user_screen_names;lineal;110000;0.0170159
9;user_screen_names;lineal;110000;0.0170375
10;user_screen_names;lineal;110000;0.0170609
11;user_screen_names;lineal;110000;0.0175117
12;user_screen_names;lineal;110000;0.0170421
13;user_screen_names;lineal;110000;0.0170219
14;user_screen_names;lineal;110000;0.017012
15;user_screen_names;lineal;110000;0.0171908
16;user_screen_names;lineal;110000;0.0171819
17;user_screen_names;lineal;110000;0.0171486
18;user_screen_names;lineal;110000;0.0170844
19;user_screen_names;lineal;110000;0.0170382
20;user_screen_names;lineal;110000;0.0170059
1;user_ids;cuadratico;110000;15.0267
2;user_ids;cuadratico;110000;14.9447
3;user_ids;cuadratico;110000;15.0821
4;user_ids;cuadratico;110000;14.9596
5;user_ids;cuadratico;110000;14.9628
6;user_ids;cuadratico;110000;14.9444
7;user_ids;cuadratico;110000;15.1099
8;user_ids;cuadratico;110000;14.7986
9;user_ids;cuadratico;110000;15.0102
10;user_ids;cuadratico;110000;14.8675
11;user_ids;cuadratico;110000;14.8885
12;user_ids;cuadratico;110000;14.8022
13;user_ids;cuadratico;110000;15.0046
14;user_ids;cuadratico;110000;14.9901
15;user_ids;cuadratico;110000;14.8538
16;user_ids;cuadratico;110000;14.9869
17;user_ids;cuadratico;110000;14.9278
18;user_ids;cuadratico;110000;14.9589
19;user_ids;cuadratico;110000;14.7604
20;user_ids;cuadratico;110000;15.0818
1;user_screen_names;cuadratico;110000;0.0238504
2;user_screen_names;cuadratico;110000;0.0242751
3;user_screen_names;cuadratico;110000;0.0233756
4;user_screen_names;cuadratico;110000;0.0235232
5;user_screen_names;cuadratico;110000;0.0237343
6;user_screen_names;cuadratico;110000;0.0237763
7;user_screen_names;cuadratico;110000;0.023232
8;user_screen_names;cuadratico;110000;0.0236188
9;user_screen_names;cuadratico;110000;0.023736
10;user_screen_names;cuadratico;110000;0.023601
11;user_screen_names;cuadratico;110000;0.0233409
12;user_screen_names;cuadratico;110000;0.0237232
13;user_screen_names;cuadratico;110000;0.0237126
14;user_screen_names;cuadratico;110000;0.0245373
15;user_screen_names;cuadratico;110000;0.0234466
16;user_screen_names;cuadratico;110000;0.0236519
17;user_screen_names;cuadratico;110000;0.0236436
18;user_screen_names;cuadratico;110000;0.023625
19;user_screen_names;cuadratico;110000;0.0236861
20;user_screen_names;cuadratico;110000;0.0236276
1;user_ids;doble;110000;0.00994477
2;user_ids;doble;110000;0.00994378
3;user_ids;doble;110000;0.00995687
4;user_ids;doble;110000;0.00993227
5;user_ids;doble;110000;0.00993423
6;user_ids;doble;110000;0.00993785
7;user_ids;doble;110000;0.00997517
8;user_ids;doble;110000;0.0097898
9;user_ids;doble;110000;0.0099283
10;user_ids;doble;110000;0.00985497
11;user_ids;doble;110000;0.0100014
12;user_ids;doble;110000;0.00981684
13;user_ids;doble;110000;0.00980096
14;user_ids;doble;110000;0.00985223
15;user_ids;doble;110000;0.0102476
16;user_ids;doble;110000;0.00982066
17;user_ids;doble;110000;0.00992927
18;user_ids;doble;110000;0.00981699
19;user_ids;doble;110000;0.00987671
20;user_ids;doble;110000;0.00985988
1;user_screen_names;doble;110000;0.0313206
2;user_screen_names;doble;110000;0.0311327
3;user_screen_names;doble;110000;0.0312747
4;user_screen_names;doble;110000;0.0314369
5;user_screen_names;doble;110000;0.031383
6;user_screen_names;doble;110000;0.0311581
7;user_screen_names;doble;110000;0.0313233
8;user_screen_names;doble;110000;0.0313444
9;user_screen_names;doble;110000;0.0315145
10;user_screen_names;doble;110000;0.0312998
11;user_screen_names;doble;110000;0.0315559
12;user_screen_names;doble;110000;0.0313753
13;user_screen_names;doble;110000;0.0313326
14;user_screen_names;doble;110000;0.0315971
15;user_screen_names;doble;110000;0.0316562
16;user_screen_names;doble;110000;0.031534
17;user_screen_names;doble;110000;0.0314418
18;user_screen_names;doble;110000;0.0314064
19;user_screen_names;doble;110000;0.0317307
20;user_screen_names;doble;110000;0.0319517
1;user_ids;unordered_map;110000;0.00391149
2;user_ids;unordered_map;110000;0.00391953
3;user_ids;unordered_map;110000;0.00396896
4;user_ids;unordered_map;110000;0.00389278
5;user_ids;unordered_map;110000;0.00392123
6;user_ids;unordered_map;110000;0.00392481
7;user_ids;unordered_map;110000;0.00389389
8;user_ids;unordered_map;110000;0.00397476
9;user_ids;unordered_map;110000;0.00393939
10;user_ids;unordered_map;110000;0.00398519
11;user_ids;unordered_map;110000;0.00398885
12;user_ids;unordered_map;110000;0.00399866
13;user_ids;unordered_map;110000;0.00392969
14;user_ids;unordered_map;110000;0.00386269
15;user_ids;unordered_map;110000;0.00392241
16;user_ids;unordered_map;110000;0.00395211
17;user_ids;unordered_map;110000;0.00395745
18;user_ids;unordered_map;110000;0.00390037
19;user_ids;unordered_map;110000;0.00392461
20;user_ids;unordered_map;110000;0.0039102
1;user_screen_names;unordered_map;110000;0.0037687
2;user_screen_names;unordered_map;110000;0.00383442
3;user_screen_names;unordered_map;110000;0.0038417
4;user_screen_names;unordered_map;110000;0.00382974
5;user_screen_names;unordered_map;110000;0.00381706
6;user_screen_names;unordered_map;110000;0.00384246
7;user_screen_names;unordered_map;110000;0.00385507
8;user_screen_names;unordered_map;110000;0.00394975
9;user_screen_names;unordered_map;110000;0.00380835
10;user_screen_names;unordered_map;110000;0.00374887
11;user_screen_names;unordered_map;110000;0.00381883
12;user_screen_names;unordered_map;110000;0.00373947
13;user_screen_names;unordered_map;110000;0.00384787
14;user_screen_names;unordered_map;110000;0.00387051
15;user_screen_names;unordered_map;110000;0.00381565
16;user_screen_names;unordered_map;110000;0.0037975
17;user_screen_names;unordered_map;110000;0.00383319
18;user_screen_names;unordered_map;110000;0.00378774
19;user_screen_names;unordered_map;110000;0.00380419
20;user_screen_names;unordered_map;110000;0.00380595
1;user_ids;abierto;120000;0.00663499
2;user_ids;abierto;120000;0.00658133
3;user_ids;abierto;120000;0.00664555
4;user_ids;abierto;120000;0.00661794
5;user_ids;abierto;120000;0.00653787
6;user_ids;abierto;120000;0.00661181
7;user_ids;abierto;120000;0.0065593
8;user_ids;abierto;120000;0.00660726
9;user_ids;abierto;120000;0.00664749
10;user_ids;abierto;120000;0.0065962
11;user_ids;abierto;120000;0.00665404
12;user_ids;abierto;120000;0.00654539
13;user_ids;abierto;120000;0.00662264
14;user_ids;abierto;120000;0.00657263
15;user_ids;abierto;120000;0.0066275
16;user_ids;abierto;120000;0.00665215
17;user_ids;abierto;120000;0.00660258
18;user_ids;abierto;120000;0.0066735
19;user_ids;abierto;120000;0.00661626
20;user_ids;abierto;120000;0.00662758
1;user_screen_names;abierto;120000;0.0201275
2;user_screen_names;abierto;120000;0.0193851
3;user_screen_names;abierto;120000;0.0200617
4;user_screen_names;abierto;120000;0.0203744
5;user_screen_names;abierto;120000;0.0201349
6;user_screen_names;abierto;120000;0.0191028
7;user_screen_names;abierto;120000;0.0195845
8;user_screen_names;abierto;120000;0.019897
9;user_screen_names;abierto;120000;0.0196053
10;user_screen_names;abierto;120000;0.0188486
11;user_screen_names;abierto;120000;0.0195864
12;user_screen_names;abierto;120000;0.0196463
13;user_screen_names;abierto;120000;0.0195258
14;user_screen_names;abierto;120000;0.0195652
15;user_screen_names;abierto;120000;0.0200513
16;user_screen_names;abierto;120000;0.0197265
17;user_screen_names;abierto;120000;0.0200425
18;user_screen_names;abierto;120000;0.0189883
19;user_screen_names;abierto;120000;0.0197784
20;user_screen_names;abierto;120000;0.0200511
1;user_ids;lineal;120000;9.05351
2;user_ids;lineal;120000;9.1567
3;user_ids;lineal;120000;9.19324
4;user_ids;lineal;120000;9.0982
5;user_ids;lineal;120000;9.12672
6;user_ids;lineal;120000;9.16977
7;user_ids;lineal;120000;10.2442
8;user_ids;lineal;120000;9.3474
9;user_ids;lineal;120000;9.15403
10;user_ids;lineal;120000;9.20302
11;user_ids;lineal;120000;9.46057
12;user_ids;lineal;120000;9.12427
13;user_ids;lineal;120000;9.17088
14;user_ids;lineal;120000;9.17515
15;user_ids;lineal;120000;9.06001
16;user_ids;lineal;120000;9.14169
17;user_ids;lineal;120000;9.15321
18;user_ids;lineal;120000;9.02349
19;user_ids;lineal;120000;9.08765
20;user_ids;lineal;120000;9.14381
1;user_screen_names;lineal;120000;0.0187305
2;user_screen_names;lineal;120000;0.0188537
3;user_screen_names;lineal;120000;0.0190658
4;user_screen_names;lineal;120000;0.0188825
5;user_screen_names;lineal;120000;0.0187403
6;user_screen_names;lineal;120000;0.0189027
7;user_screen_names;lineal;120000;0.0188537
8;user_screen_names;lineal;120000;0.0198604
9;user_screen_names;lineal;120000;0.0188649
10;user_screen_names;lineal;120000;0.0187883
11;user_screen_names;lineal;120000;0.0188542
12;user_screen_names;lineal;120000;0.0189495
13;user_screen_names;lineal;120000;0.0187902
14;user_screen_names;lineal;120000;0.0189421
15;user_screen_names;lineal;120000;0.0199865
16;user_screen_names;lineal;120000;0.0188574
17;user_screen_names;lineal;120000;0.0190089
18;user_screen_names;lineal;120000;0.0188609
19;user_screen_names;lineal;120000;0.0188666
20;user_screen_names;lineal;120000;0.0187644
1;user_ids;cuadratico;120000;16.6236
2;user_ids;cuadratico;120000;16.6008
3;user_ids;cuadratico;120000;16.6109
4;user_ids;cuadratico;120000;16.6601
5;user_ids;cuadratico;120000;16.5279
6;user_ids;cuadratico;120000;16.7229
7;user_ids;cuadratico;120000;16.5307
8;user_ids;cuadratico;120000;16.6681
9;user_ids;cuadratico;120000;16.5035
10;user_ids;cuadratico;120000;16.723
11;user_ids;cuadratico;120000;16.6358
12;user_ids;cuadratico;120000;16.5556
13;user_ids;cuadratico;120000;16.4062
14;user_ids;cuadratico;120000;16.6347
15;user_ids;cuadratico;120000;16.4964
16;user_ids;cuadratico;120000;16.6973
17;user_ids;cuadratico;120000;16.3867
18;user_ids;cuadratico;120000;16.6466
19;user_ids;cuadratico;120000;16.5814
20;user_ids;cuadratico;120000;16.6676
1;user_screen_names;cuadratico;120000;0.0257733
2;user_screen_names;cuadratico;120000;0.0255397
3;user_screen_names;cuadratico;120000;0.0255207
4;user_screen_names;cuadratico;120000;0.0254978
5;user_screen_names;cuadratico;120000;0.0255607
6;user_screen_names;cuadratico;120000;0.0255505
7;user_screen_names;cuadratico;120000;0.025428
8;user_screen_names;cuadratico;120000;0.0257318
9;user_screen_names;cuadratico;120000;0.0256447
10;user_screen_names;cuadratico;120000;0.0251533
11;user_screen_names;cuadratico;120000;0.0254063
12;user_screen_names;cuadratico;120000;0.0255017
13;user_screen_names;cuadratico;120000;0.0254621
14;user_screen_names;cuadratico;120000;0.0253526
15;user_screen_names;cuadratico;120000;0.0255397
16;user_screen_names;cuadratico;120000;0.0262629
17;user_screen_names;cuadratico;120000;0.0257654
18;user_screen_names;cuadratico;120000;0.0255548
19;user_screen_names;cuadratico;120000;0.0256949
20;user_screen_names;cuadratico;120000;0.0256219
1;user_ids;doble;120000;0.011227
2;user_ids;doble;120000;0.011182
3;user_ids;doble;120000;0.0111015
4;user_ids;doble;120000;0.0111828
5;user_ids;doble;120000;0.0112726
6;user_ids;doble;120000;0.0112009
7;user_ids;doble;120000;0.0111453
8;user_ids;doble;120000;0.0112328
9;user_ids;doble;120000;0.011217
10;user_ids;doble;120000;0.0112511
11;user_ids;doble;120000;0.0112058
12;user_ids;doble;120000;0.0112922
13;user_ids;doble;120000;0.0110718
14;user_ids;doble;120000;0.0112281
15;user_ids;doble;120000;0.0111975
16;user_ids;doble;120000;0.0111613
17;user_ids;doble;120000;0.0112563
18;user_ids;doble;120000;0.0112491
19;user_ids;doble;120000;0.0111818
20;user_ids;doble;120000;0.0111558
1;user_screen_names;doble;120000;0.0336161
2;user_screen_names;doble;120000;0.0348216
3;user_screen_names;doble;120000;0.0340502
4;user_screen_names;doble;120000;0.0340543
5;user_screen_names;doble;120000;0.0339141
6;user_screen_names;doble;120000;0.0341268
7;user_screen_names;doble;120000;0.0342134
8;user_screen_names;doble;120000;0.0341311
9;user_screen_names;doble;120000;0.0341415
10;user_screen_names;doble;120000;0.0341373
11;user_screen_names;doble;120000;0.0339667
12;user_screen_names;doble;120000;0.0343954
13;user_screen_names;doble;120000;0.0338174
14;user_screen_names;doble;120000;0.0339841
15;user_screen_names;doble;120000;0.0341331
16;user_screen_names;doble;120000;0.0347726
17;user_screen_names;doble;120000;0.0339776
18;user_screen_names;doble;120000;0.0341977
19;user_screen_names;doble;120000;0.0341749
20;user_screen_names;doble;120000;0.0339117
1;user_ids;unordered_map;120000;0.00408897
2;user_ids;unordered_map;120000;0.00405582
3;user_ids;unordered_map;120000;0.00404163
4;user_ids;unordered_map;120000;0.00409698
5;user_ids;unordered_map;120000;0.00408685
6;user_ids;unordered_map;120000;0.00405562
7;user_ids;unordered_map;120000;0.00404222
8;user_ids;unordered_map;120000;0.00403885
9;user_ids;unordered_map;120000;0.00414862
10;user_ids;unordered_map;120000;0.00404989
11;user_ids;unordered_map;120000;0.00402058
12;user_ids;unordered_map;120000;0.00408683
13;user_ids;unordered_map;120000;0.00415586
14;user_ids;unordered_map;120000;0.00404263
15;user_ids;unordered_map;120000;0.00406472
16;user_ids;unordered_map;120000;0.00411292
17;user_ids;unordered_map;120000;0.00404845
18;user_ids;unordered_map;120000;0.00407807
19;user_ids;unordered_map;120000;0.00404182
20;user_ids;unordered_map;120000;0.00408694
1;user_screen_names;unordered_map;120000;0.00394468
2;user_screen_names;unordered_map;120000;0.00397785
3;user_screen_names;unordered_map;120000;0.00397287
4;user_screen_names;unordered_map;120000;0.0039995
5;user_screen_names;unordered_map;120000;0.00398809
6;user_screen_names;unordered_map;120000;0.00399854
7;user_screen_names;unordered_map;120000;0.00401005
8;user_screen_names;unordered_map;120000;0.00405448
9;user_screen_names;unordered_map;120000;0.0040133
10;user_screen_names;unordered_map;120000;0.00405415
11;user_screen_names;unordered_map;120000;0.00406773
12;user_screen_names;unordered_map;120000;0.00402163
13;user_screen_names;unordered_map;120000;0.00398548
14;user_screen_names;unordered_map;120000;0.00400131
15;user_screen_names;unordered_map;120000;0.00399726
16;user_screen_names;unordered_map;120000;0.00404117
17;user_screen_names;unordered_map;120000;0.00402779
18;user_screen_names;unordered_map;120000;0.0039802
19;user_screen_names;unordered_map;120000;0.00396008
20;user_screen_names;unordered_map;120000;0.00402215
1;user_ids;abierto;130000;0.00695181
2;user_ids;abierto;130000;0.00688997
3;user_ids;abierto;130000;0.0068787
4;user_ids;abierto;130000;0.00693102
5;user_ids;abierto;130000;0.0069645
6;user_ids;abierto;130000;0.00693507
7;user_ids;abierto;130000;0.00700601
8;user_ids;abierto;130000;0.00695578
9;user_ids;abierto;130000;0.00686803
10;user_ids;abierto;130000;0.00690374
11;user_ids;abierto;130000;0.00692226
12;user_ids;abierto;130000;0.00691812
13;user_ids;abierto;130000;0.00697081
14;user_ids;abierto;130000;0.00694784
15;user_ids;abierto;130000;0.00691741
16;user_ids;abierto;130000;0.00694147
17;user_ids;abierto;130000;0.00690298
18;user_ids;abierto;130000;0.00697976
19;user_ids;abierto;130000;0.00698712
20;user_ids;abierto;130000;0.00692919
1;user_screen_names;abierto;130000;0.0216818
2;user_screen_names;abierto;130000;0.021632
3;user_screen_names;abierto;130000;0.0213603
4;user_screen_names;abierto;130000;0.0216465
5;user_screen_names;abierto;130000;0.0221897
6;user_screen_names;abierto;130000;0.0218992
7;user_screen_names;abierto;130000;0.0216559
8;user_screen_names;abierto;130000;0.0217413
9;user_screen_names;abierto;130000;0.0217253
10;user_screen_names;abierto;130000;0.0216034
11;user_screen_names;abierto;130000;0.0217704
12;user_screen_names;abierto;130000;0.0215545
13;user_screen_names;abierto;130000;0.0207711
14;user_screen_names;abierto;130000;0.0215924
15;user_screen_names;abierto;130000;0.022206
16;user_screen_names;abierto;130000;0.0217571
17;user_screen_names;abierto;130000;0.0217589
18;user_screen_names;abierto;130000;0.0218736
19;user_screen_names;abierto;130000;0.0216492
20;user_screen_names;abierto;130000;0.0217023
1;user_ids;lineal;130000;10.0571
2;user_ids;lineal;130000;10.1071
3;user_ids;lineal;130000;10.056
4;user_ids;lineal;130000;10.0129
5;user_ids;lineal;130000;10.0996
6;user_ids;lineal;130000;10.4668
7;user_ids;lineal;130000;10.0637
8;user_ids;lineal;130000;10.156
9;user_ids;lineal;130000;10.1726
10;user_ids;lineal;130000;10.0237
11;user_ids;lineal;130000;10.0832
12;user_ids;lineal;130000;10.2002
13;user_ids;lineal;130000;10.044
14;user_ids;lineal;130000;10.1106
15;user_ids;lineal;130000;10.1608
16;user_ids;lineal;130000;10.0643
17;user_ids;lineal;130000;10.1018
18;user_ids;lineal;130000;10.1883
19;user_ids;lineal;130000;10.0894
20;user_ids;lineal;130000;10.0906
1;user_screen_names;lineal;130000;0.0204423
2;user_screen_names;lineal;130000;0.0204828
3;user_screen_names;lineal;130000;0.020435
4;user_screen_names;lineal;130000;0.0209293
5;user_screen_names;lineal;130000;0.0205008
6;user_screen_names;lineal;130000;0.0204705
7;user_screen_names;lineal;130000;0.021294
8;user_screen_names;lineal;130000;0.0203961
9;user_screen_names;lineal;130000;0.0204002
10;user_screen_names;lineal;130000;0.0204167
11;user_screen_names;lineal;130000;0.0203929
12;user_screen_names;lineal;130000;0.02041
13;user_screen_names;lineal;130000;0.0204361
14;user_screen_names;lineal;130000;0.0203931
15;user_screen_names;lineal;130000;0.0204435
16;user_screen_names;lineal;130000;0.0203955
17;user_screen_names;lineal;130000;0.0204632
18;user_screen_names;lineal;130000;0.0203971
19;user_screen_names;lineal;130000;0.0204393
20;user_screen_names;lineal;130000;0.0204567
1;user_ids;cuadratico;130000;18.3604
2;user_ids;cuadratico;130000;18.0798
3;user_ids;cuadratico;130000;18.2119
4;user_ids;cuadratico;130000;18.3409
5;user_ids;cuadratico;130000;18.1589
6;user_ids;cuadratico;130000;18.2268
7;user_ids;cuadratico;130000;18.1162
8;user_ids;cuadratico;130000;18.1933
9;user_ids;cuadratico;130000;18.1221
10;user_ids;cuadratico;130000;18.1079
11;user_ids;cuadratico;130000;18.168
12;user_ids;cuadratico;130000;18.2849
13;user_ids;cuadratico;130000;18.323
14;user_ids;cuadratico;130000;18.2618
15;user_ids;cuadratico;130000;18.3334
16;user_ids;cuadratico;130000;18.2112
17;user_ids;cuadratico;130000;18.2776
18;user_ids;cuadratico;130000;18.1978
19;user_ids;cuadratico;130000;18.229
20;user_ids;cuadratico;130000;18.8453
1;user_screen_names;cuadratico;130000;0.0298582
2;user_screen_names;cuadratico;130000;0.0286411
3;user_screen_names;cuadratico;130000;0.0287414
4;user_screen_names;cuadratico;130000;0.0288641
5;user_screen_names;cuadratico;130000;0.0288401
6;user_screen_names;cuadratico;130000;0.0286599
7;user_screen_names;cuadratico;130000;0.0287173
8;user_screen_names;cuadratico;130000;0.028748
9;user_screen_names;cuadratico;130000;0.028555
10;user_screen_names;cuadratico;130000;0.028785
11;user_screen_names;cuadratico;130000;0.0286364
12;user_screen_names;cuadratico;130000;0.0287765
13;user_screen_names;cuadratico;130000;0.0285969
14;user_screen_names;cuadratico;130000;0.0287382
15;user_screen_names;cuadratico;130000;0.0286823
16;user_screen_names;cuadratico;130000;0.0285507
17;user_screen_names;cuadratico;130000;0.0286802
18;user_screen_names;cuadratico;130000;0.0286497
19;user_screen_names;cuadratico;130000;0.0287904
20;user_screen_names;cuadratico;130000;0.0287529
1;user_ids;doble;130000;0.0125973
2;user_ids;doble;130000;0.0126059
3;user_ids;doble;130000;0.0126698
4;user_ids;doble;130000;0.0126115
5;user_ids;doble;130000;0.0125885
6;user_ids;doble;130000;0.0126825
7;user_ids;doble;130000;0.0125921
8;user_ids;doble;130000;0.0125233
9;user_ids;doble;130000;0.0125451
10;user_ids;doble;130000;0.0128381
11;user_ids;doble;130000;0.0124728
12;user_ids;doble;130000;0.0125915
13;user_ids;doble;130000;0.012599
14;user_ids;doble;130000;0.0125764
15;user_ids;doble;130000;0.01269
16;user_ids;doble;130000;0.0126027
17;user_ids;doble;130000;0.012628
18;user_ids;doble;130000;0.0124688
19;user_ids;doble;130000;0.012498
20;user_ids;doble;130000;0.0124628
1;user_screen_names;doble;130000;0.0379055
2;user_screen_names;doble;130000;0.0381094
3;user_screen_names;doble;130000;0.0379281
4;user_screen_names;doble;130000;0.0378249
5;user_screen_names;doble;130000;0.0379613
6;user_screen_names;doble;130000;0.0380253
7;user_screen_names;doble;130000;0.0379808
8;user_screen_names;doble;130000;0.0380464
9;user_screen_names;doble;130000;0.0380315
10;user_screen_names;doble;130000;0.0379636
11;user_screen_names;doble;130000;0.0380121
12;user_screen_names;doble;130000;0.0380164
13;user_screen_names;doble;130000;0.0388893
14;user_screen_names;doble;130000;0.0380388
15;user_screen_names;doble;130000;0.0393466
16;user_screen_names;doble;130000;0.0379265
17;user_screen_names;doble;130000;0.0380093
18;user_screen_names;doble;130000;0.0379763
19;user_screen_names;doble;130000;0.0380967
20;user_screen_names;doble;130000;0.0379022
1;user_ids;unordered_map;130000;0.00437496
2;user_ids;unordered_map;130000;0.00442502
3;user_ids;unordered_map;130000;0.00438849
4;user_ids;unordered_map;130000;0.00437091
5;user_ids;unordered_map;130000;0.00439738
6;user_ids;unordered_map;130000;0.00443775
7;user_ids;unordered_map;130000;0.00434919
8;user_ids;unordered_map;130000;0.00439304
9;user_ids;unordered_map;130000;0.00438066
10;user_ids;unordered_map;130000;0.00437654
11;user_ids;unordered_map;130000;0.00443437
12;user_ids;unordered_map;130000;0.00436353
13;user_ids;unordered_map;130000;0.00442582
14;user_ids;unordered_map;130000;0.00444381
15;user_ids;unordered_map;130000;0.00444244
16;user_ids;unordered_map;130000;0.00437133
17;user_ids;unordered_map;130000;0.00441677
18;user_ids;unordered_map;130000;0.00438454
19;user_ids;unordered_map;130000;0.00443544
20;user_ids;unordered_map;130000;0.00445535
1;user_screen_names;unordered_map;130000;0.00438899
2;user_screen_names;unordered_map;130000;0.00473402
3;user_screen_names;unordered_map;130000;0.00427641
4;user_screen_names;unordered_map;130000;0.0043738
5;user_screen_names;unordered_map;130000;0.00432161
6;user_screen_names;unordered_map;130000;0.00432952
7;user_screen_names;unordered_map;130000;0.00430198
8;user_screen_names;unordered_map;130000;0.00435514
9;user_screen_names;unordered_map;130000;0.00430384
10;user_screen_names;unordered_map;130000;0.00433499
11;user_screen_names;unordered_map;130000;0.00435136
12;user_screen_names;unordered_map;130000;0.00434815
13;user_screen_names;unordered_map;130000;0.00428512
14;user_screen_names;unordered_map;130000;0.00429011
15;user_screen_names;unordered_map;130000;0.00436829
16;user_screen_names;unordered_map;130000;0.00431089
17;user_screen_names;unordered_map;130000;0.00426829
18;user_screen_names;unordered_map;130000;0.00430753
19;user_screen_names;unordered_map;130000;0.00437026
20;user_screen_names;unordered_map;130000;0.0042968
1;user_ids;abierto;140000;0.00746881
2;user_ids;abierto;140000;0.0074436
3;user_ids;abierto;140000;0.00747389
4;user_ids;abierto;140000;0.0075745
5;user_ids;abierto;140000;0.00750764
6;user_ids;abierto;140000;0.00743551
7;user_ids;abierto;140000;0.0075615
8;user_ids;abierto;140000;0.00737296
9;user_ids;abierto;140000;0.00738389
10;user_ids;abierto;140000;0.00737544
11;user_ids;abierto;140000;0.00743303
12;user_ids;abierto;140000;0.00736285
13;user_ids;abierto;140000;0.00746645
14;user_ids;abierto;140000;0.0074608
15;user_ids;abierto;140000;0.00747623
16;user_ids;abierto;140000;0.00738905
17;user_ids;abierto;140000;0.00747691
18;user_ids;abierto;140000;0.00741714
19;user_ids;abierto;140000;0.00742965
20;user_ids;abierto;140000;0.00744043
1;user_screen_names;abierto;140000;0.0240471
2;user_screen_names;abierto;140000;0.0230199
3;user_screen_names;abierto;140000;0.024344
4;user_screen_names;abierto;140000;0.0243878
5;user_screen_names;abierto;140000;0.0238671
6;user_screen_names;abierto;140000;0.0226984
7;user_screen_names;abierto;140000;0.0238776
8;user_screen_names;abierto;140000;0.0238702
9;user_screen_names;abierto;140000;0.0231629
10;user_screen_names;abierto;140000;0.023251
11;user_screen_names;abierto;140000;0.0241724
12;user_screen_names;abierto;140000;0.02443
13;user_screen_names;abierto;140000;0.0230711
14;user_screen_names;abierto;140000;0.0239059
15;user_screen_names;abierto;140000;0.0229828
16;user_screen_names;abierto;140000;0.0231481
17;user_screen_names;abierto;140000;0.0238778
18;user_screen_names;abierto;140000;0.0237911
19;user_screen_names;abierto;140000;0.0241125
20;user_screen_names;abierto;140000;0.0239724
1;user_ids;lineal;140000;10.9704
2;user_ids;lineal;140000;11.0371
3;user_ids;lineal;140000;11.1029
4;user_ids;lineal;140000;10.9583
5;user_ids;lineal;140000;11.034
6;user_ids;lineal;140000;11.1025
7;user_ids;lineal;140000;10.9357
8;user_ids;lineal;140000;11.0142
9;user_ids;lineal;140000;11.0625
10;user_ids;lineal;140000;10.9041
11;user_ids;lineal;140000;11.0274
12;user_ids;lineal;140000;11.0704
13;user_ids;lineal;140000;10.9433
14;user_ids;lineal;140000;11.0737
15;user_ids;lineal;140000;11.1177
16;user_ids;lineal;140000;10.9331
17;user_ids;lineal;140000;11.0645
18;user_ids;lineal;140000;11.0761
19;user_ids;lineal;140000;10.9593
20;user_ids;lineal;140000;11.0869
1;user_screen_names;lineal;140000;0.0222386
2;user_screen_names;lineal;140000;0.0221619
3;user_screen_names;lineal;140000;0.0222002
4;user_screen_names;lineal;140000;0.0223103
5;user_screen_names;lineal;140000;0.0221941
6;user_screen_names;lineal;140000;0.0223785
7;user_screen_names;lineal;140000;0.0223312
8;user_screen_names;lineal;140000;0.0223195
9;user_screen_names;lineal;140000;0.0223095
10;user_screen_names;lineal;140000;0.0222628
11;user_screen_names;lineal;140000;0.0225653
12;user_screen_names;lineal;140000;0.0222573
13;user_screen_names;lineal;140000;0.0221842
14;user_screen_names;lineal;140000;0.0223059
15;user_screen_names;lineal;140000;0.0224016
16;user_screen_names;lineal;140000;0.0223247
17;user_screen_names;lineal;140000;0.0223344
18;user_screen_names;lineal;140000;0.0223396
19;user_screen_names;lineal;140000;0.0222868
20;user_screen_names;lineal;140000;0.0222891
1;user_ids;cuadratico;140000;19.8703
2;user_ids;cuadratico;140000;19.941
3;user_ids;cuadratico;140000;19.8028
4;user_ids;cuadratico;140000;19.8078
5;user_ids;cuadratico;140000;19.6824
6;user_ids;cuadratico;140000;19.7443
7;user_ids;cuadratico;140000;19.8934
8;user_ids;cuadratico;140000;19.7909
9;user_ids;cuadratico;140000;19.7344
10;user_ids;cuadratico;140000;19.7461
11;user_ids;cuadratico;140000;19.7525
12;user_ids;cuadratico;140000;19.8488
13;user_ids;cuadratico;140000;19.801
14;user_ids;cuadratico;140000;19.7833
15;user_ids;cuadratico;140000;19.8811
16;user_ids;cuadratico;140000;19.8271
17;user_ids;cuadratico;140000;19.86
18;user_ids;cuadratico;140000;20.024
19;user_ids;cuadratico;140000;19.8168
20;user_ids;cuadratico;140000;20.4979
1;user_screen_names;cuadratico;140000;0.0300768
2;user_screen_names;cuadratico;140000;0.0302776
3;user_screen_names;cuadratico;140000;0.0301911
4;user_screen_names;cuadratico;140000;0.0299694
5;user_screen_names;cuadratico;140000;0.0305981
6;user_screen_names;cuadratico;140000;0.0304432
7;user_screen_names;cuadratico;140000;0.0305282
8;user_screen_names;cuadratico;140000;0.0309269
9;user_screen_names;cuadratico;140000;0.0300393
10;user_screen_names;cuadratico;140000;0.0300753
11;user_screen_names;cuadratico;140000;0.0300888
12;user_screen_names;cuadratico;140000;0.0304744
13;user_screen_names;cuadratico;140000;0.0304269
14;user_screen_names;cuadratico;140000;0.0302232
15;user_screen_names;cuadratico;140000;0.0306705
16;user_screen_names;cuadratico;140000;0.0307647
17;user_screen_names;cuadratico;140000;0.0306321
18;user_screen_names;cuadratico;140000;0.0303246
19;user_screen_names;cuadratico;140000;0.0305534
20;user_screen_names;cuadratico;140000;0.0304329
1;user_ids;doble;140000;0.013342
2;user_ids;doble;140000;0.0133968
3;user_ids;doble;140000;0.0132297
4;user_ids;doble;140000;0.01338
5;user_ids;doble;140000;0.0134035
6;user_ids;doble;140000;0.013386
7;user_ids;doble;140000;0.0133433
8;user_ids;doble;140000;0.0133762
9;user_ids;doble;140000;0.0134206
10;user_ids;doble;140000;0.0135418
11;user_ids;doble;140000;0.0134473
12;user_ids;doble;140000;0.0133588
13;user_ids;doble;140000;0.0137426
14;user_ids;doble;140000;0.0132238
15;user_ids;doble;140000;0.0132873
16;user_ids;doble;140000;0.0132532
17;user_ids;doble;140000;0.013328
18;user_ids;doble;140000;0.0133587
19;user_ids;doble;140000;0.0134461
20;user_ids;doble;140000;0.0133737
1;user_screen_names;doble;140000;0.0404731
2;user_screen_names;doble;140000;0.0404367
3;user_screen_names;doble;140000;0.0408205
4;user_screen_names;doble;140000;0.0402356
5;user_screen_names;doble;140000;0.0405169
6;user_screen_names;doble;140000;0.0404999
7;user_screen_names;doble;140000;0.040214
8;user_screen_names;doble;140000;0.0404645
9;user_screen_names;doble;140000;0.0406177
10;user_screen_names;doble;140000;0.040356
11;user_screen_names;doble;140000;0.0405322
12;user_screen_names;doble;140000;0.040228
13;user_screen_names;doble;140000;0.0405284
14;user_screen_names;doble;140000;0.0405669
15;user_screen_names;doble;140000;0.0403581
16;user_screen_names;doble;140000;0.0405934
17;user_screen_names;doble;140000;0.0402937
18;user_screen_names;doble;140000;0.0404637
19;user_screen_names;doble;140000;0.0405489
20;user_screen_names;doble;140000;0.0405868
1;user_ids;unordered_map;140000;0.00452813
2;user_ids;unordered_map;140000;0.00450714
3;user_ids;unordered_map;140000;0.0045121
4;user_ids;unordered_map;140000;0.00445433
5;user_ids;unordered_map;140000;0.00452469
6;user_ids;unordered_map;140000;0.0044957
7;user_ids;unordered_map;140000;0.00444967
8;user_ids;unordered_map;140000;0.00446867
9;user_ids;unordered_map;140000;0.00447522
10;user_ids;unordered_map;140000;0.00444625
11;user_ids;unordered_map;140000;0.00452127
12;user_ids;unordered_map;140000;0.0044801
13;user_ids;unordered_map;140000;0.00439803
14;user_ids;unordered_map;140000;0.00459269
15;user_ids;unordered_map;140000;0.00449651
16;user_ids;unordered_map;140000;0.00445881
17;user_ids;unordered_map;140000;0.00448445
18;user_ids;unordered_map;140000;0.00445133
19;user_ids;unordered_map;140000;0.00445324
20;user_ids;unordered_map;140000;0.00457792
1;user_screen_names;unordered_map;140000;0.00442683
2;user_screen_names;unordered_map;140000;0.00437496
3;user_screen_names;unordered_map;140000;0.00449094
4;user_screen_names;unordered_map;140000;0.00443014
5;user_screen_names;unordered_map;140000;0.00444057
6;user_screen_names;unordered_map;140000;0.00440793
7;user_screen_names;unordered_map;140000;0.00454548
8;user_screen_names;unordered_map;140000;0.00436446
9;user_screen_names;unordered_map;140000;0.00439127
10;user_screen_names;unordered_map;140000;0.00441071
11;user_screen_names;unordered_map;140000;0.00463904
12;user_screen_names;unordered_map;140000;0.00443294
13;user_screen_names;unordered_map;140000;0.00438957
14;user_screen_names;unordered_map;140000;0.00442648
15;user_screen_names;unordered_map;140000;0.00434545
16;user_screen_names;unordered_map;140000;0.0045163
17;user_screen_names;unordered_map;140000;0.00437174
18;user_screen_names;unordered_map;140000;0.00447903
19;user_screen_names;unordered_map;140000;0.00437522
20;user_screen_names;unordered_map;140000;0.00446112
1;user_ids;abierto;150000;0.00782614
2;user_ids;abierto;150000;0.00777049
3;user_ids;abierto;150000;0.00786813
4;user_ids;abierto;150000;0.00790724
5;user_ids;abierto;150000;0.00786065
6;user_ids;abierto;150000;0.00784444
7;user_ids;abierto;150000;0.00784309
8;user_ids;abierto;150000;0.00777613
9;user_ids;abierto;150000;0.00771141
10;user_ids;abierto;150000;0.00781722
11;user_ids;abierto;150000;0.00770209
12;user_ids;abierto;150000;0.0078088
13;user_ids;abierto;150000;0.00778073
14;user_ids;abierto;150000;0.0077738
15;user_ids;abierto;150000;0.00792883
16;user_ids;abierto;150000;0.00786918
17;user_ids;abierto;150000;0.00791312
18;user_ids;abierto;150000;0.00794144
19;user_ids;abierto;150000;0.00784701
20;user_ids;abierto;150000;0.00779408
1;user_screen_names;abierto;150000;0.0258444
2;user_screen_names;abierto;150000;0.024813
3;user_screen_names;abierto;150000;0.0260193
4;user_screen_names;abierto;150000;0.0258609
5;user_screen_names;abierto;150000;0.0247269
6;user_screen_names;abierto;150000;0.0242764
7;user_screen_names;abierto;150000;0.0262727
8;user_screen_names;abierto;150000;0.0247201
9;user_screen_names;abierto;150000;0.0260469
10;user_screen_names;abierto;150000;0.025893
11;user_screen_names;abierto;150000;0.0258313
12;user_screen_names;abierto;150000;0.0258398
13;user_screen_names;abierto;150000;0.0258989
14;user_screen_names;abierto;150000;0.0247464
15;user_screen_names;abierto;150000;0.0247538
16;user_screen_names;abierto;150000;0.0247897
17;user_screen_names;abierto;150000;0.025971
18;user_screen_names;abierto;150000;0.0260701
19;user_screen_names;abierto;150000;0.0259711
20;user_screen_names;abierto;150000;0.026402
1;user_ids;lineal;150000;12.1842
2;user_ids;lineal;150000;12.3075
3;user_ids;lineal;150000;12.1449
4;user_ids;lineal;150000;12.2498
5;user_ids;lineal;150000;12.3729
6;user_ids;lineal;150000;12.1353
7;user_ids;lineal;150000;12.3064
8;user_ids;lineal;150000;12.1677
9;user_ids;lineal;150000;12.1824
10;user_ids;lineal;150000;12.253
11;user_ids;lineal;150000;12.0916
12;user_ids;lineal;150000;12.2272
13;user_ids;lineal;150000;12.1812
14;user_ids;lineal;150000;12.1993
15;user_ids;lineal;150000;12.3033
16;user_ids;lineal;150000;12.1626
17;user_ids;lineal;150000;12.218
18;user_ids;lineal;150000;12.3172
19;user_ids;lineal;150000;12.1092
20;user_ids;lineal;150000;12.2293
1;user_screen_names;lineal;150000;0.0242594
2;user_screen_names;lineal;150000;0.0242925
3;user_screen_names;lineal;150000;0.0241289
4;user_screen_names;lineal;150000;0.0242721
5;user_screen_names;lineal;150000;0.0242482
6;user_screen_names;lineal;150000;0.0244767
7;user_screen_names;lineal;150000;0.0241107
8;user_screen_names;lineal;150000;0.024249
9;user_screen_names;lineal;150000;0.0242374
10;user_screen_names;lineal;150000;0.0242877
11;user_screen_names;lineal;150000;0.0242986
12;user_screen_names;lineal;150000;0.024353
13;user_screen_names;lineal;150000;0.0242208
14;user_screen_names;lineal;150000;0.0243764
15;user_screen_names;lineal;150000;0.0241691
16;user_screen_names;lineal;150000;0.0243208
17;user_screen_names;lineal;150000;0.0241275
18;user_screen_names;lineal;150000;0.0242535
19;user_screen_names;lineal;150000;0.024208
20;user_screen_names;lineal;150000;0.0244239
1;user_ids;cuadratico;150000;21.748
2;user_ids;cuadratico;150000;21.8406
3;user_ids;cuadratico;150000;21.9173
4;user_ids;cuadratico;150000;21.5504
5;user_ids;cuadratico;150000;21.7688
6;user_ids;cuadratico;150000;21.9741
7;user_ids;cuadratico;150000;21.7493
8;user_ids;cuadratico;150000;21.8319
9;user_ids;cuadratico;150000;21.8123
10;user_ids;cuadratico;150000;21.7017
11;user_ids;cuadratico;150000;21.7372
12;user_ids;cuadratico;150000;21.5831
13;user_ids;cuadratico;150000;21.7713
14;user_ids;cuadratico;150000;21.6906
15;user_ids;cuadratico;150000;21.8508
16;user_ids;cuadratico;150000;21.4886
17;user_ids;cuadratico;150000;21.7172
18;user_ids;cuadratico;150000;21.8587
19;user_ids;cuadratico;150000;21.7694
20;user_ids;cuadratico;150000;21.5612
1;user_screen_names;cuadratico;150000;0.0336484
2;user_screen_names;cuadratico;150000;0.0340315
3;user_screen_names;cuadratico;150000;0.0339176
4;user_screen_names;cuadratico;150000;0.0340765
5;user_screen_names;cuadratico;150000;0.0340757
6;user_screen_names;cuadratico;150000;0.0337822
7;user_screen_names;cuadratico;150000;0.0340516
8;user_screen_names;cuadratico;150000;0.0339963
9;user_screen_names;cuadratico;150000;0.0342835
10;user_screen_names;cuadratico;150000;0.0341321
11;user_screen_names;cuadratico;150000;0.0341072
12;user_screen_names;cuadratico;150000;0.0338808
13;user_screen_names;cuadratico;150000;0.0338927
14;user_screen_names;cuadratico;150000;0.0338442
15;user_screen_names;cuadratico;150000;0.03381
16;user_screen_names;cuadratico;150000;0.0338998
17;user_screen_names;cuadratico;150000;0.0340271
18;user_screen_names;cuadratico;150000;0.0333466
19;user_screen_names;cuadratico;150000;0.0338454
20;user_screen_names;cuadratico;150000;0.0339273
1;user_ids;doble;150000;0.0142554
2;user_ids;doble;150000;0.0141716
3;user_ids;doble;150000;0.0142286
4;user_ids;doble;150000;0.0141319
5;user_ids;doble;150000;0.0141661
6;user_ids;doble;150000;0.0141383
7;user_ids;doble;150000;0.0143517
8;user_ids;doble;150000;0.0141858
9;user_ids;doble;150000;0.0141813
10;user_ids;doble;150000;0.0141701
11;user_ids;doble;150000;0.0141204
12;user_ids;doble;150000;0.0141885
13;user_ids;doble;150000;0.014242
14;user_ids;doble;150000;0.0142366
15;user_ids;doble;150000;0.0141402
16;user_ids;doble;150000;0.0140876
17;user_ids;doble;150000;0.0142112
18;user_ids;doble;150000;0.014102
19;user_ids;doble;150000;0.0142053
20;user_ids;doble;150000;0.0141288
1;user_screen_names;doble;150000;0.0449829
2;user_screen_names;doble;150000;0.0450754
3;user_screen_names;doble;150000;0.044756
4;user_screen_names;doble;150000;0.0446714
5;user_screen_names;doble;150000;0.0454205
6;user_screen_names;doble;150000;0.0448432
7;user_screen_names;doble;150000;0.0451762
8;user_screen_names;doble;150000;0.0447106
9;user_screen_names;doble;150000;0.0449816
10;user_screen_names;doble;150000;0.045075
11;user_screen_names;doble;150000;0.045139
12;user_screen_names;doble;150000;0.0450518
13;user_screen_names;doble;150000;0.0452255
14;user_screen_names;doble;150000;0.0446985
15;user_screen_names;doble;150000;0.0450215
16;user_screen_names;doble;150000;0.045131
17;user_screen_names;doble;150000;0.0449751
18;user_screen_names;doble;150000;0.0447051
19;user_screen_names;doble;150000;0.0446499
20;user_screen_names;doble;150000;0.0446118
1;user_ids;unordered_map;150000;0.00480379
2;user_ids;unordered_map;150000;0.00486926
3;user_ids;unordered_map;150000;0.00484177
4;user_ids;unordered_map;150000;0.00485996
5;user_ids;unordered_map;150000;0.00485883
6;user_ids;unordered_map;150000;0.00489088
7;user_ids;unordered_map;150000;0.00480209
8;user_ids;unordered_map;150000;0.00492689
9;user_ids;unordered_map;150000;0.00488454
10;user_ids;unordered_map;150000;0.00484624
11;user_ids;unordered_map;150000;0.0048746
12;user_ids;unordered_map;150000;0.00492097
13;user_ids;unordered_map;150000;0.0048276
14;user_ids;unordered_map;150000;0.00482633
15;user_ids;unordered_map;150000;0.00491626
16;user_ids;unordered_map;150000;0.00485592
17;user_ids;unordered_map;150000;0.00481621
18;user_ids;unordered_map;150000;0.00484395
19;user_ids;unordered_map;150000;0.0048211
20;user_ids;unordered_map;150000;0.00484042
1;user_screen_names;unordered_map;150000;0.004708
2;user_screen_names;unordered_map;150000;0.00473145
3;user_screen_names;unordered_map;150000;0.00481865
4;user_screen_names;unordered_map;150000;0.00474437
5;user_screen_names;unordered_map;150000;0.00472496
6;user_screen_names;unordered_map;150000;0.00468489
7;user_screen_names;unordered_map;150000;0.00475166
8;user_screen_names;unordered_map;150000;0.00475179
9;user_screen_names;unordered_map;150000;0.00474173
10;user_screen_names;unordered_map;150000;0.00472353
11;user_screen_names;unordered_map;150000;0.00532829
12;user_screen_names;unordered_map;150000;0.00475792
13;user_screen_names;unordered_map;150000;0.00473331
14;user_screen_names;unordered_map;150000;0.0048132
15;user_screen_names;unordered_map;150000;0.00475184
16;user_screen_names;unordered_map;150000;0.00474121
17;user_screen_names;unordered_map;150000;0.00482819
18;user_screen_names;unordered_map;150000;0.00478284
19;user_screen_names;unordered_map;150000;0.00479545
20;user_screen_names;unordered_map;150000;0.00478379
1;user_ids;abierto;160000;0.00851935
2;user_ids;abierto;160000;0.00855905
3;user_ids;abierto;160000;0.00849253
4;user_ids;abierto;160000;0.00850247
5;user_ids;abierto;160000;0.00855429
6;user_ids;abierto;160000;0.00854067
7;user_ids;abierto;160000;0.00862429
8;user_ids;abierto;160000;0.00854565
9;user_ids;abierto;160000;0.00846301
10;user_ids;abierto;160000;0.00922782
11;user_ids;abierto;160000;0.00847307
12;user_ids;abierto;160000;0.00859139
13;user_ids;abierto;160000;0.00857707
14;user_ids;abierto;160000;0.00862222
15;user_ids;abierto;160000;0.00853777
16;user_ids;abierto;160000;0.00855233
17;user_ids;abierto;160000;0.00856596
18;user_ids;abierto;160000;0.00852252
19;user_ids;abierto;160000;0.00857441
20;user_ids;abierto;160000;0.00846968
1;user_screen_names;abierto;160000;0.0291061
2;user_screen_names;abierto;160000;0.0287427
3;user_screen_names;abierto;160000;0.0289349
4;user_screen_names;abierto;160000;0.0289313
5;user_screen_names;abierto;160000;0.0280304
6;user_screen_names;abierto;160000;0.0288302
7;user_screen_names;abierto;160000;0.028791
8;user_screen_names;abierto;160000;0.0288999
9;user_screen_names;abierto;160000;0.0279306
10;user_screen_names;abierto;160000;0.0274699
11;user_screen_names;abierto;160000;0.0288706
12;user_screen_names;abierto;160000;0.0290068
13;user_screen_names;abierto;160000;0.0288785
14;user_screen_names;abierto;160000;0.027808
15;user_screen_names;abierto;160000;0.0290039
16;user_screen_names;abierto;160000;0.0290338
17;user_screen_names;abierto;160000;0.0290865
18;user_screen_names;abierto;160000;0.0290359
19;user_screen_names;abierto;160000;0.0281648
20;user_screen_names;abierto;160000;0.0290003
1;user_ids;lineal;160000;14.0782
2;user_ids;lineal;160000;13.7593
3;user_ids;lineal;160000;13.8793
4;user_ids;lineal;160000;13.8298
5;user_ids;lineal;160000;13.831
6;user_ids;lineal;160000;13.9223
7;user_ids;lineal;160000;13.7121
8;user_ids;lineal;160000;13.9025
9;user_ids;lineal;160000;13.7798
10;user_ids;lineal;160000;13.8654
11;user_ids;lineal;160000;13.8378
12;user_ids;lineal;160000;13.8391
13;user_ids;lineal;160000;13.9226
14;user_ids;lineal;160000;13.7623
15;user_ids;lineal;160000;13.9334
16;user_ids;lineal;160000;13.743
17;user_ids;lineal;160000;13.8424
18;user_ids;lineal;160000;13.782
19;user_ids;lineal;160000;13.8045
20;user_ids;lineal;160000;13.89
1;user_screen_names;lineal;160000;0.0268381
2;user_screen_names;lineal;160000;0.0268737
3;user_screen_names;lineal;160000;0.0269007
4;user_screen_names;lineal;160000;0.0268309
5;user_screen_names;lineal;160000;0.0269973
6;user_screen_names;lineal;160000;0.0268034
7;user_screen_names;lineal;160000;0.0269952
8;user_screen_names;lineal;160000;0.0268316
9;user_screen_names;lineal;160000;0.0268595
10;user_screen_names;lineal;160000;0.0267676
11;user_screen_names;lineal;160000;0.026867
12;user_screen_names;lineal;160000;0.0274902
13;user_screen_names;lineal;160000;0.0268273
14;user_screen_names;lineal;160000;0.0269183
15;user_screen_names;lineal;160000;0.0275491
16;user_screen_names;lineal;160000;0.0268937
17;user_screen_names;lineal;160000;0.0267526
18;user_screen_names;lineal;160000;0.0267675
19;user_screen_names;lineal;160000;0.0268267
20;user_screen_names;lineal;160000;0.0260821
1;user_ids;cuadratico;160000;24.913
2;user_ids;cuadratico;160000;24.6129
3;user_ids;cuadratico;160000;24.8814
4;user_ids;cuadratico;160000;24.9565
5;user_ids;cuadratico;160000;24.9904
6;user_ids;cuadratico;160000;24.8874
7;user_ids;cuadratico;160000;24.891
8;user_ids;cuadratico;160000;24.9688
9;user_ids;cuadratico;160000;24.7208
10;user_ids;cuadratico;160000;24.9896
11;user_ids;cuadratico;160000;24.881
12;user_ids;cuadratico;160000;24.7166
13;user_ids;cuadratico;160000;24.6843
14;user_ids;cuadratico;160000;24.9513
15;user_ids;cuadratico;160000;24.6237
16;user_ids;cuadratico;160000;24.9304
17;user_ids;cuadratico;160000;24.8925
18;user_ids;cuadratico;160000;24.7289
19;user_ids;cuadratico;160000;24.911
20;user_ids;cuadratico;160000;24.6413
1;user_screen_names;cuadratico;160000;0.0377601
2;user_screen_names;cuadratico;160000;0.0383562
3;user_screen_names;cuadratico;160000;0.0379092
4;user_screen_names;cuadratico;160000;0.0380253
5;user_screen_names;cuadratico;160000;0.0382305
6;user_screen_names;cuadratico;160000;0.0382086
7;user_screen_names;cuadratico;160000;0.0385379
8;user_screen_names;cuadratico;160000;0.0382447
9;user_screen_names;cuadratico;160000;0.0382584
10;user_screen_names;cuadratico;160000;0.0381521
11;user_screen_names;cuadratico;160000;0.03817
12;user_screen_names;cuadratico;160000;0.0383445
13;user_screen_names;cuadratico;160000;0.0382403
14;user_screen_names;cuadratico;160000;0.0379123
15;user_screen_names;cuadratico;160000;0.0377766
16;user_screen_names;cuadratico;160000;0.0383871
17;user_screen_names;cuadratico;160000;0.0382493
18;user_screen_names;cuadratico;160000;0.0382525
19;user_screen_names;cuadratico;160000;0.0382073
20;user_screen_names;cuadratico;160000;0.0376019
1;user_ids;doble;160000;0.0151129
2;user_ids;doble;160000;0.0153354
3;user_ids;doble;160000;0.0150437
4;user_ids;doble;160000;0.0151353
5;user_ids;doble;160000;0.0151566
6;user_ids;doble;160000;0.0150604
7;user_ids;doble;160000;0.0150946
8;user_ids;doble;160000;0.0150407
9;user_ids;doble;160000;0.0151352
10;user_ids;doble;160000;0.0150364
11;user_ids;doble;160000;0.0149655
12;user_ids;doble;160000;0.0150485
13;user_ids;doble;160000;0.015125
14;user_ids;doble;160000;0.0150824
15;user_ids;doble;160000;0.014923
16;user_ids;doble;160000;0.0150969
17;user_ids;doble;160000;0.0151813
18;user_ids;doble;160000;0.015081
19;user_ids;doble;160000;0.0149612
20;user_ids;doble;160000;0.0150608
1;user_screen_names;doble;160000;0.0502751
2;user_screen_names;doble;160000;0.050211
3;user_screen_names;doble;160000;0.0500637
4;user_screen_names;doble;160000;0.0500105
5;user_screen_names;doble;160000;0.0504679
6;user_screen_names;doble;160000;0.0502873
7;user_screen_names;doble;160000;0.0502268
8;user_screen_names;doble;160000;0.0502489
9;user_screen_names;doble;160000;0.0500995
10;user_screen_names;doble;160000;0.0502952
11;user_screen_names;doble;160000;0.0505756
12;user_screen_names;doble;160000;0.0502851
13;user_screen_names;doble;160000;0.0503574
14;user_screen_names;doble;160000;0.0502764
15;user_screen_names;doble;160000;0.0502207
16;user_screen_names;doble;160000;0.0502095
17;user_screen_names;doble;160000;0.0501328
18;user_screen_names;doble;160000;0.0502322
19;user_screen_names;doble;160000;0.0505768
20;user_screen_names;doble;160000;0.0503503
1;user_ids;unordered_map;160000;0.00522713
2;user_ids;unordered_map;160000;0.00522397
3;user_ids;unordered_map;160000;0.00531079
4;user_ids;unordered_map;160000;0.00518363
5;user_ids;unordered_map;160000;0.00524258
6;user_ids;unordered_map;160000;0.00531122
7;user_ids;unordered_map;160000;0.00523757
8;user_ids;unordered_map;160000;0.0052425
9;user_ids;unordered_map;160000;0.00527464
10;user_ids;unordered_map;160000;0.00522358
11;user_ids;unordered_map;160000;0.0052432
12;user_ids;unordered_map;160000;0.0052633
13;user_ids;unordered_map;160000;0.00526533
14;user_ids;unordered_map;160000;0.00532552
15;user_ids;unordered_map;160000;0.00531413
16;user_ids;unordered_map;160000;0.00528087
17;user_ids;unordered_map;160000;0.00534193
18;user_ids;unordered_map;160000;0.00535472
19;user_ids;unordered_map;160000;0.00531507
20;user_ids;unordered_map;160000;0.00533038
1;user_screen_names;unordered_map;160000;0.00519818
2;user_screen_names;unordered_map;160000;0.00517876
3;user_screen_names;unordered_map;160000;0.00508675
4;user_screen_names;unordered_map;160000;0.00515228
5;user_screen_names;unordered_map;160000;0.00514313
6;user_screen_names;unordered_map;160000;0.00524397
7;user_screen_names;unordered_map;160000;0.00523486
8;user_screen_names;unordered_map;160000;0.00513589
9;user_screen_names;unordered_map;160000;0.00515392
10;user_screen_names;unordered_map;160000;0.00521035
11;user_screen_names;unordered_map;160000;0.00515257
12;user_screen_names;unordered_map;160000;0.00514857
13;user_screen_names;unordered_map;160000;0.00524215
14;user_screen_names;unordered_map;160000;0.00516224
15;user_screen_names;unordered_map;160000;0.00516717
16;user_screen_names;unordered_map;160000;0.00517067
17;user_screen_names;unordered_map;160000;0.00514717
18;user_screen_names;unordered_map;160000;0.00521712
19;user_screen_names;unordered_map;160000;0.00519887
20;user_screen_names;unordered_map;160000;0.00517771
1;user_ids;abierto;170000;0.00907337
2;user_ids;abierto;170000;0.00908468
3;user_ids;abierto;170000;0.00909341
4;user_ids;abierto;170000;0.00904996
5;user_ids;abierto;170000;0.00910202
6;user_ids;abierto;170000;0.00910331
7;user_ids;abierto;170000;0.00914254
8;user_ids;abierto;170000;0.00907796
9;user_ids;abierto;170000;0.0090844
10;user_ids;abierto;170000;0.0090996
11;user_ids;abierto;170000;0.00905238
12;user_ids;abierto;170000;0.00907867
13;user_ids;abierto;170000;0.00900011
14;user_ids;abierto;170000;0.00914708
15;user_ids;abierto;170000;0.00917984
16;user_ids;abierto;170000;0.00912768
17;user_ids;abierto;170000;0.00913141
18;user_ids;abierto;170000;0.00909329
19;user_ids;abierto;170000;0.00923975
20;user_ids;abierto;170000;0.00914006
1;user_screen_names;abierto;170000;0.0323953
2;user_screen_names;abierto;170000;0.0322092
3;user_screen_names;abierto;170000;0.0323789
4;user_screen_names;abierto;170000;0.0320377
5;user_screen_names;abierto;170000;0.0309335
6;user_screen_names;abierto;170000;0.0309826
7;user_screen_names;abierto;170000;0.0325264
8;user_screen_names;abierto;170000;0.0323385
9;user_screen_names;abierto;170000;0.0325179
10;user_screen_names;abierto;170000;0.0320547
11;user_screen_names;abierto;170000;0.030818
12;user_screen_names;abierto;170000;0.0321356
13;user_screen_names;abierto;170000;0.0306796
14;user_screen_names;abierto;170000;0.0321883
15;user_screen_names;abierto;170000;0.0307693
16;user_screen_names;abierto;170000;0.0323794
17;user_screen_names;abierto;170000;0.0322133
18;user_screen_names;abierto;170000;0.0309022
19;user_screen_names;abierto;170000;0.0324682
20;user_screen_names;abierto;170000;0.0324703
1;user_ids;lineal;170000;15.5365
2;user_ids;lineal;170000;15.3971
3;user_ids;lineal;170000;15.5115
4;user_ids;lineal;170000;15.3458
5;user_ids;lineal;170000;15.5676
6;user_ids;lineal;170000;15.3624
7;user_ids;lineal;170000;15.5548
8;user_ids;lineal;170000;15.3688
9;user_ids;lineal;170000;15.54
10;user_ids;lineal;170000;15.4196
11;user_ids;lineal;170000;15.4929
12;user_ids;lineal;170000;15.4399
13;user_ids;lineal;170000;15.5213
14;user_ids;lineal;170000;15.3956
15;user_ids;lineal;170000;15.4835
16;user_ids;lineal;170000;15.3583
17;user_ids;lineal;170000;15.4622
18;user_ids;lineal;170000;15.4232
19;user_ids;lineal;170000;15.4304
20;user_ids;lineal;170000;15.9429
1;user_screen_names;lineal;170000;0.028956
2;user_screen_names;lineal;170000;0.0290589
3;user_screen_names;lineal;170000;0.0290128
4;user_screen_names;lineal;170000;0.0290643
5;user_screen_names;lineal;170000;0.0290289
6;user_screen_names;lineal;170000;0.0290176
7;user_screen_names;lineal;170000;0.0290897
8;user_screen_names;lineal;170000;0.029055
9;user_screen_names;lineal;170000;0.0289234
10;user_screen_names;lineal;170000;0.0290703
11;user_screen_names;lineal;170000;0.0291323
12;user_screen_names;lineal;170000;0.0291053
13;user_screen_names;lineal;170000;0.0290388
14;user_screen_names;lineal;170000;0.0290321
15;user_screen_names;lineal;170000;0.0290759
16;user_screen_names;lineal;170000;0.0290023
17;user_screen_names;lineal;170000;0.0290995
18;user_screen_names;lineal;170000;0.0290821
19;user_screen_names;lineal;170000;0.0291346
20;user_screen_names;lineal;170000;0.0293319
1;user_ids;cuadratico;170000;28.3016
2;user_ids;cuadratico;170000;27.9589
3;user_ids;cuadratico;170000;28.1347
4;user_ids;cuadratico;170000;28.8908
5;user_ids;cuadratico;170000;28.2209
6;user_ids;cuadratico;170000;28.1982
7;user_ids;cuadratico;170000;28.2107
8;user_ids;cuadratico;170000;29.0337
9;user_ids;cuadratico;170000;27.959
10;user_ids;cuadratico;170000;27.9111
11;user_ids;cuadratico;170000;28.1521
12;user_ids;cuadratico;170000;28.1415
13;user_ids;cuadratico;170000;27.9194
14;user_ids;cuadratico;170000;27.88
15;user_ids;cuadratico;170000;28.2924
16;user_ids;cuadratico;170000;28.2762
17;user_ids;cuadratico;170000;28.2364
18;user_ids;cuadratico;170000;28.2207
19;user_ids;cuadratico;170000;27.8352
20;user_ids;cuadratico;170000;28.3938
1;user_screen_names;cuadratico;170000;0.0428276
2;user_screen_names;cuadratico;170000;0.0426859
3;user_screen_names;cuadratico;170000;0.0422155
4;user_screen_names;cuadratico;170000;0.0425238
5;user_screen_names;cuadratico;170000;0.0422607
6;user_screen_names;cuadratico;170000;0.0427323
7;user_screen_names;cuadratico;170000;0.0425711
8;user_screen_names;cuadratico;170000;0.042362
9;user_screen_names;cuadratico;170000;0.0423919
10;user_screen_names;cuadratico;170000;0.0426163
11;user_screen_names;cuadratico;170000;0.0424893
12;user_screen_names;cuadratico;170000;0.0423177
13;user_screen_names;cuadratico;170000;0.0423563
14;user_screen_names;cuadratico;170000;0.0424916
15;user_screen_names;cuadratico;170000;0.0425563
16;user_screen_names;cuadratico;170000;0.0425121
17;user_screen_names;cuadratico;170000;0.0422578
18;user_screen_names;cuadratico;170000;0.0426666
19;user_screen_names;cuadratico;170000;0.0425221
20;user_screen_names;cuadratico;170000;0.0425476
1;user_ids;doble;170000;0.0164181
2;user_ids;doble;170000;0.0162358
3;user_ids;doble;170000;0.0163203
4;user_ids;doble;170000;0.0161988
5;user_ids;doble;170000;0.0159198
6;user_ids;doble;170000;0.0158443
7;user_ids;doble;170000;0.0157448
8;user_ids;doble;170000;0.0158927
9;user_ids;doble;170000;0.0157958
10;user_ids;doble;170000;0.015791
11;user_ids;doble;170000;0.0159838
12;user_ids;doble;170000;0.0159622
13;user_ids;doble;170000;0.0158576
14;user_ids;doble;170000;0.0159784
15;user_ids;doble;170000;0.0158963
16;user_ids;doble;170000;0.0158712
17;user_ids;doble;170000;0.0159555
18;user_ids;doble;170000;0.0159397
19;user_ids;doble;170000;0.0158623
20;user_ids;doble;170000;0.0161225
1;user_screen_names;doble;170000;0.0558053
2;user_screen_names;doble;170000;0.0558379
3;user_screen_names;doble;170000;0.0556037
4;user_screen_names;doble;170000;0.0557715
5;user_screen_names;doble;170000;0.0557753
6;user_screen_names;doble;170000;0.0555317
7;user_screen_names;doble;170000;0.0556371
8;user_screen_names;doble;170000;0.0556602
9;user_screen_names;doble;170000;0.0557391
10;user_screen_names;doble;170000;0.0555842
11;user_screen_names;doble;170000;0.0557084
12;user_screen_names;doble;170000;0.0558667
13;user_screen_names;doble;170000;0.0557033
14;user_screen_names;doble;170000;0.0558141
15;user_screen_names;doble;170000;0.056519
16;user_screen_names;doble;170000;0.0556599
17;user_screen_names;doble;170000;0.0557658
18;user_screen_names;doble;170000;0.055526
19;user_screen_names;doble;170000;0.0559064
20;user_screen_names;doble;170000;0.0557529
1;user_ids;unordered_map;170000;0.00564761
2;user_ids;unordered_map;170000;0.00563715
3;user_ids;unordered_map;170000;0.0054938
4;user_ids;unordered_map;170000;0.00558843
5;user_ids;unordered_map;170000;0.00558592
6;user_ids;unordered_map;170000;0.00599135
7;user_ids;unordered_map;170000;0.00578057
8;user_ids;unordered_map;170000;0.00614144
9;user_ids;unordered_map;170000;0.00566911
10;user_ids;unordered_map;170000;0.00560385
11;user_ids;unordered_map;170000;0.00556288
12;user_ids;unordered_map;170000;0.00562664
13;user_ids;unordered_map;170000;0.00560929
14;user_ids;unordered_map;170000;0.0059469
15;user_ids;unordered_map;170000;0.00559487
16;user_ids;unordered_map;170000;0.00559841
17;user_ids;unordered_map;170000;0.00559109
18;user_ids;unordered_map;170000;0.00561108
19;user_ids;unordered_map;170000;0.0056224
20;user_ids;unordered_map;170000;0.00577015
1;user_screen_names;unordered_map;170000;0.00549714
2;user_screen_names;unordered_map;170000;0.00547667
3;user_screen_names;unordered_map;170000;0.0054921
4;user_screen_names;unordered_map;170000;0.00545119
5;user_screen_names;unordered_map;170000;0.0054328
6;user_screen_names;unordered_map;170000;0.00544645
7;user_screen_names;unordered_map;170000;0.00547123
8;user_screen_names;unordered_map;170000;0.00554262
9;user_screen_names;unordered_map;170000;0.00546296
10;user_screen_names;unordered_map;170000;0.00548102
11;user_screen_names;unordered_map;170000;0.00539581
12;user_screen_names;unordered_map;170000;0.00549897
13;user_screen_names;unordered_map;170000;0.00544015
14;user_screen_names;unordered_map;170000;0.00586006
15;user_screen_names;unordered_map;170000;0.00552562
16;user_screen_names;unordered_map;170000;0.00551273
17;user_screen_names;unordered_map;170000;0.00551612
18;user_screen_names;unordered_map;170000;0.00549216
19;user_screen_names;unordered_map;170000;0.00554645
20;user_screen_names;unordered_map;170000;0.00548968
1;user_ids;abierto;180000;0.00956721
2;user_ids;abierto;180000;0.00950838
3;user_ids;abierto;180000;0.00958715
4;user_ids;abierto;180000;0.00959758
5;user_ids;abierto;180000;0.00962617
6;user_ids;abierto;180000;0.00951372
7;user_ids;abierto;180000;0.00944861
8;user_ids;abierto;180000;0.0094544
9;user_ids;abierto;180000;0.00950452
10;user_ids;abierto;180000;0.00953271
11;user_ids;abierto;180000;0.00961916
12;user_ids;abierto;180000;0.00975312
13;user_ids;abierto;180000;0.00953169
14;user_ids;abierto;180000;0.00948004
15;user_ids;abierto;180000;0.00934555
16;user_ids;abierto;180000;0.00950675
17;user_ids;abierto;180000;0.00949371
18;user_ids;abierto;180000;0.00946786
19;user_ids;abierto;180000;0.0095879
20;user_ids;abierto;180000;0.00945846
1;user_screen_names;abierto;180000;0.0341783
2;user_screen_names;abierto;180000;0.034331
3;user_screen_names;abierto;180000;0.03312
4;user_screen_names;abierto;180000;0.0343297
5;user_screen_names;abierto;180000;0.0343464
6;user_screen_names;abierto;180000;0.0330395
7;user_screen_names;abierto;180000;0.034522
8;user_screen_names;abierto;180000;0.0343885
9;user_screen_names;abierto;180000;0.0342826
10;user_screen_names;abierto;180000;0.0343765
11;user_screen_names;abierto;180000;0.0331999
12;user_screen_names;abierto;180000;0.0343833
13;user_screen_names;abierto;180000;0.0344801
14;user_screen_names;abierto;180000;0.0345187
15;user_screen_names;abierto;180000;0.0346032
16;user_screen_names;abierto;180000;0.0348133
17;user_screen_names;abierto;180000;0.0349144
18;user_screen_names;abierto;180000;0.0348986
19;user_screen_names;abierto;180000;0.0348239
20;user_screen_names;abierto;180000;0.0346336
1;user_ids;lineal;180000;16.599
2;user_ids;lineal;180000;16.7381
3;user_ids;lineal;180000;16.5706
4;user_ids;lineal;180000;16.7546
5;user_ids;lineal;180000;16.5779
6;user_ids;lineal;180000;16.7638
7;user_ids;lineal;180000;16.5703
8;user_ids;lineal;180000;16.7719
9;user_ids;lineal;180000;16.6123
10;user_ids;lineal;180000;16.8221
11;user_ids;lineal;180000;16.5496
12;user_ids;lineal;180000;16.7171
13;user_ids;lineal;180000;16.595
14;user_ids;lineal;180000;16.6801
15;user_ids;lineal;180000;16.6935
16;user_ids;lineal;180000;16.7172
17;user_ids;lineal;180000;16.7331
18;user_ids;lineal;180000;16.7211
19;user_ids;lineal;180000;16.7143
20;user_ids;lineal;180000;16.7075
1;user_screen_names;lineal;180000;0.0311183
2;user_screen_names;lineal;180000;0.0311373
3;user_screen_names;lineal;180000;0.03103
4;user_screen_names;lineal;180000;0.031124
5;user_screen_names;lineal;180000;0.0310921
6;user_screen_names;lineal;180000;0.031458
7;user_screen_names;lineal;180000;0.0311442
8;user_screen_names;lineal;180000;0.0310759
9;user_screen_names;lineal;180000;0.0317681
10;user_screen_names;lineal;180000;0.0310008
11;user_screen_names;lineal;180000;0.0312663
12;user_screen_names;lineal;180000;0.0317489
13;user_screen_names;lineal;180000;0.0310872
14;user_screen_names;lineal;180000;0.0310164
15;user_screen_names;lineal;180000;0.0317922
16;user_screen_names;lineal;180000;0.0310775
17;user_screen_names;lineal;180000;0.0312742
18;user_screen_names;lineal;180000;0.0311183
19;user_screen_names;lineal;180000;0.0311948
20;user_screen_names;lineal;180000;0.0310783
1;user_ids;cuadratico;180000;30.3465
2;user_ids;cuadratico;180000;30.3618
3;user_ids;cuadratico;180000;30.465
4;user_ids;cuadratico;180000;30.4595
5;user_ids;cuadratico;180000;30.4464
6;user_ids;cuadratico;180000;30.3741
7;user_ids;cuadratico;180000;30.1281
8;user_ids;cuadratico;180000;30.0343
9;user_ids;cuadratico;180000;30.3917
10;user_ids;cuadratico;180000;30.4669
11;user_ids;cuadratico;180000;30.3531
12;user_ids;cuadratico;180000;30.4661
13;user_ids;cuadratico;180000;30.3922
14;user_ids;cuadratico;180000;30.3835
15;user_ids;cuadratico;180000;30.4826
16;user_ids;cuadratico;180000;30.4522
17;user_ids;cuadratico;180000;30.5933
18;user_ids;cuadratico;180000;30.3505
19;user_ids;cuadratico;180000;30.4036
20;user_ids;cuadratico;180000;30.5231
1;user_screen_names;cuadratico;180000;0.0451359
2;user_screen_names;cuadratico;180000;0.0466813
3;user_screen_names;cuadratico;180000;0.044297
4;user_screen_names;cuadratico;180000;0.0445438
5;user_screen_names;cuadratico;180000;0.0444232
6;user_screen_names;cuadratico;180000;0.044833
7;user_screen_names;cuadratico;180000;0.044937
8;user_screen_names;cuadratico;180000;0.0444116
9;user_screen_names;cuadratico;180000;0.0449626
10;user_screen_names;cuadratico;180000;0.0450286
11;user_screen_names;cuadratico;180000;0.0446655
12;user_screen_names;cuadratico;180000;0.0448701
13;user_screen_names;cuadratico;180000;0.0448992
14;user_screen_names;cuadratico;180000;0.0443648
15;user_screen_names;cuadratico;180000;0.0442791
16;user_screen_names;cuadratico;180000;0.0449291
17;user_screen_names;cuadratico;180000;0.045072
18;user_screen_names;cuadratico;180000;0.0447542
19;user_screen_names;cuadratico;180000;0.0448713
20;user_screen_names;cuadratico;180000;0.0446696
1;user_ids;doble;180000;0.0162683
2;user_ids;doble;180000;0.0163793
3;user_ids;doble;180000;0.016278
4;user_ids;doble;180000;0.0163759
5;user_ids;doble;180000;0.0162325
6;user_ids;doble;180000;0.0164148
7;user_ids;doble;180000;0.0165211
8;user_ids;doble;180000;0.0162999
9;user_ids;doble;180000;0.0167418
10;user_ids;doble;180000;0.0162471
11;user_ids;doble;180000;0.0161094
12;user_ids;doble;180000;0.0162046
13;user_ids;doble;180000;0.0162171
14;user_ids;doble;180000;0.0161964
15;user_ids;doble;180000;0.0163665
16;user_ids;doble;180000;0.016218
17;user_ids;doble;180000;0.0161484
18;user_ids;doble;180000;0.0161215
19;user_ids;doble;180000;0.0161176
20;user_ids;doble;180000;0.0161713
1;user_screen_names;doble;180000;0.0588298
2;user_screen_names;doble;180000;0.0588733
3;user_screen_names;doble;180000;0.0585624
4;user_screen_names;doble;180000;0.0588789
5;user_screen_names;doble;180000;0.0590209
6;user_screen_names;doble;180000;0.0586887
7;user_screen_names;doble;180000;0.0589241
8;user_screen_names;doble;180000;0.0589223
9;user_screen_names;doble;180000;0.0588498
10;user_screen_names;doble;180000;0.0589039
11;user_screen_names;doble;180000;0.0588971
12;user_screen_names;doble;180000;0.0588971
13;user_screen_names;doble;180000;0.0590255
14;user_screen_names;doble;180000;0.0590453
15;user_screen_names;doble;180000;0.058977
16;user_screen_names;doble;180000;0.0589998
17;user_screen_names;doble;180000;0.0589238
18;user_screen_names;doble;180000;0.0591479
19;user_screen_names;doble;180000;0.0589494
20;user_screen_names;doble;180000;0.0591116
1;user_ids;unordered_map;180000;0.00571277
2;user_ids;unordered_map;180000;0.00575503
3;user_ids;unordered_map;180000;0.00572541
4;user_ids;unordered_map;180000;0.00573438
5;user_ids;unordered_map;180000;0.00572323
6;user_ids;unordered_map;180000;0.005747
7;user_ids;unordered_map;180000;0.00568223
8;user_ids;unordered_map;180000;0.00653556
9;user_ids;unordered_map;180000;0.00569724
10;user_ids;unordered_map;180000;0.00565319
11;user_ids;unordered_map;180000;0.00570247
12;user_ids;unordered_map;180000;0.00582199
13;user_ids;unordered_map;180000;0.00590317
14;user_ids;unordered_map;180000;0.00575228
15;user_ids;unordered_map;180000;0.00572505
16;user_ids;unordered_map;180000;0.00576566
17;user_ids;unordered_map;180000;0.00573784
18;user_ids;unordered_map;180000;0.00582956
19;user_ids;unordered_map;180000;0.00586622
20;user_ids;unordered_map;180000;0.00577191
1;user_screen_names;unordered_map;180000;0.00571726
2;user_screen_names;unordered_map;180000;0.00574331
3;user_screen_names;unordered_map;180000;0.00567016
4;user_screen_names;unordered_map;180000;0.00571554
5;user_screen_names;unordered_map;180000;0.00561706
6;user_screen_names;unordered_map;180000;0.00566732
7;user_screen_names;unordered_map;180000;0.00576846
8;user_screen_names;unordered_map;180000;0.00576765
9;user_screen_names;unordered_map;180000;0.00571681
10;user_screen_names;unordered_map;180000;0.00565351
11;user_screen_names;unordered_map;180000;0.00572821
12;user_screen_names;unordered_map;180000;0.00562294
13;user_screen_names;unordered_map;180000;0.00570776
14;user_screen_names;unordered_map;180000;0.00561079
15;user_screen_names;unordered_map;180000;0.0057481
16;user_screen_names;unordered_map;180000;0.00672308
17;user_screen_names;unordered_map;180000;0.00566159
18;user_screen_names;unordered_map;180000;0.00559241
19;user_screen_names;unordered_map;180000;0.00570697
20;user_screen_names;unordered_map;180000;0.00568908
